algorithm_seconds,dilution_chains,direct_seconds,factor,family,gcd,input_sha256,k,kernel_seconds,max_k,method,n,pair_enumeration_calls,problem,propagation_seconds,random_seconds,requested_enumeration_calls,sampling_calls,seed,status,target,trial,u,validation,wall_seconds,weighted_convolutions
,61,0.006957833,,dense-broad,,,14,,,randomized-k,,,witness,,0.559313625,,1,20265103,ok,,0,4096,exact,0.8526864170053159,559
,65,0.002208917,,dense-broad,,,14,,,randomized-k,,,witness,,0.584294042,,1,21265106,ok,,1,4096,exact,0.6011965840007178,536
,44,0.000687,,dense-narrow,,,14,,,randomized-k,,,witness,,0.031535042,,1,20265103,ok,,0,4096,exact,0.03945433300395962,26
,44,0.000716667,,dense-narrow,,,14,,,randomized-k,,,witness,,0.032806167,,1,21265106,ok,,1,4096,exact,0.04086966600152664,27
,88,0.004193541,,random-half,,,14,,,randomized-k,,,witness,,0.742255958,,1,20265103,ok,,0,4096,exact,0.7625205410004128,720
,83,0.00570525,,random-half,,,14,,,randomized-k,,,witness,,0.781090333,,1,21265106,ok,,1,4096,exact,0.8038585840040469,752
,27,0.0295675,,random-sparse,,,14,,,randomized-k,,,witness,,0.085737166,,1,20265103,ok,,0,4096,exact,0.12045070800377289,85
,25,0.02776725,,random-sparse,,,14,,,randomized-k,,,witness,,0.085247083,,1,21265106,ok,,1,4096,exact,0.11758245900273323,86
,71,0.010551042,,periodic,,,14,,,randomized-k,,,witness,,0.389952375,,1,20265103,ok,,0,4096,exact,0.4144133750014589,394
,74,0.011065625,,periodic,,,14,,,randomized-k,,,witness,,0.453144583,,1,21265106,ok,,1,4096,exact,0.4789319580013398,411
,69,0.01862425,,separated-blocks,,,14,,,randomized-k,,,witness,,0.4803415,,1,20265103,ok,,0,4096,exact,0.5073732909950195,499
,79,0.018673042,,separated-blocks,,,14,,,randomized-k,,,witness,,0.597785084,,1,21265106,ok,,1,4096,exact,0.6254247079996276,565
,76,0.00463225,,dense-broad,,,15,,,randomized-k,,,witness,,1.455366334,,1,20269199,ok,,0,8192,exact,1.4863580829987768,669
,72,0.004462041,,dense-broad,,,15,,,randomized-k,,,witness,,1.598223125,,1,21269202,ok,,1,8192,exact,1.6309579170047073,701
,37,0.0014265,,dense-narrow,,,15,,,randomized-k,,,witness,,0.053003292,,1,20269199,ok,,0,8192,exact,0.0663306670030579,19
,33,0.001601458,,dense-narrow,,,15,,,randomized-k,,,witness,,0.059808125,,1,21269202,ok,,1,8192,exact,0.07338600000366569,22
,91,0.009897333,,random-half,,,15,,,randomized-k,,,witness,,1.996446833,,1,20269199,ok,,0,8192,exact,2.036793207997107,858
,94,0.009421167,,random-half,,,15,,,randomized-k,,,witness,,1.841080083,,1,21269202,ok,,1,8192,exact,1.8807424170008744,863
,36,0.12739075,,random-sparse,,,15,,,randomized-k,,,witness,,0.313080542,,1,20269199,ok,,0,8192,exact,0.4482578749957611,143
,45,0.109686125,,random-sparse,,,15,,,randomized-k,,,witness,,0.338263875,,1,21269202,ok,,1,8192,exact,0.4560555830030353,161
,74,0.023042417,,periodic,,,15,,,randomized-k,,,witness,,1.092860167,,1,20269199,ok,,0,8192,exact,1.1415568340016762,495
,79,0.022928375,,periodic,,,15,,,randomized-k,,,witness,,1.088048042,,1,21269202,ok,,1,8192,exact,1.136796457998571,517
,68,0.069817792,,separated-blocks,,,15,,,randomized-k,,,witness,,1.339416792,,1,20269199,ok,,0,8192,exact,1.424638208001852,577
,83,0.071161584,,separated-blocks,,,15,,,randomized-k,,,witness,,1.331555,,1,21269202,ok,,1,8192,exact,1.4176186670010793,619
,80,0.009046083,,dense-broad,,,16,,,randomized-k,,,witness,,3.952082209,,1,20277391,ok,,0,16384,exact,4.012216667004395,821
,71,0.009473416,,dense-broad,,,16,,,randomized-k,,,witness,,3.728483292,,1,21277394,ok,,1,16384,exact,3.7886665830010315,789
,41,0.002838292,,dense-narrow,,,16,,,randomized-k,,,witness,,0.158580541,,1,20277391,ok,,0,16384,exact,0.18322025000088615,29
,34,0.002807166,,dense-narrow,,,16,,,randomized-k,,,witness,,0.128145166,,1,21277394,ok,,1,16384,exact,0.1512891660022433,23
,113,0.02028675,,random-half,,,16,,,randomized-k,,,witness,,4.867923375,,1,20277391,ok,,0,16384,exact,4.954833208001219,1009
,89,0.030076792,,random-half,,,16,,,randomized-k,,,witness,,4.779055875,,1,21277394,ok,,1,16384,exact,4.876604791999853,1005
,55,0.551304208,,random-sparse,,,16,,,randomized-k,,,witness,,1.237539791,,1,20277391,ok,,0,16384,exact,1.8107010409948998,266
,75,0.44205675,,random-sparse,,,16,,,randomized-k,,,witness,,1.393371375,,1,21277394,ok,,1,16384,exact,1.8578180000040447,294
,84,0.050097792,,periodic,,,16,,,randomized-k,,,witness,,3.0185095,,1,20277391,ok,,0,16384,exact,3.1216602089989465,627
,81,0.0498545,,periodic,,,16,,,randomized-k,,,witness,,2.839644333,,1,21277394,ok,,1,16384,exact,2.941491165998741,591
,74,0.287453334,,separated-blocks,,,16,,,randomized-k,,,witness,,3.405031,,1,20277391,ok,,0,16384,exact,3.722656291000021,694
,83,0.280238916,,separated-blocks,,,16,,,randomized-k,,,witness,,3.641626625,,1,21277394,ok,,1,16384,exact,3.956154917003005,717
0.000378583,,,8,dense,1,5156d36438bebdbb0424c299e0b3ecbe8e46e94102757bc7010204ebbdaa1cab,,,,simple-dp,256,,coinchange,,,,,22610063,ok,2048,0,256,,0.13231937499949709,
0.0721948,0,,8,dense,1,5156d36438bebdbb0424c299e0b3ecbe8e46e94102757bc7010204ebbdaa1cab,,0.072122,0,deterministic,256,0,coinchange,4.0458e-05,,0,0,22610063,ok,2048,0,256,,0.18571587499900488,0
0.0571957,0,,8,dense,1,5156d36438bebdbb0424c299e0b3ecbe8e46e94102757bc7010204ebbdaa1cab,,0.0571245,31,randomized-k,256,0,coinchange,4.2458e-05,,153,0,22610063,ok,2048,0,256,,0.06150970899761887,0
0.171537,0,,8,dense,1,5156d36438bebdbb0424c299e0b3ecbe8e46e94102757bc7010204ebbdaa1cab,,0.171463,0,optimized-peeling,256,0,coinchange,4.1875e-05,,0,0,22610063,ok,2048,0,256,,0.1761933340021642,0
6.27001,0,,8,dense,1,5156d36438bebdbb0424c299e0b3ecbe8e46e94102757bc7010204ebbdaa1cab,,6.26981,0,paper-random,256,0,coinchange,0.000129542,,0,0,22610063,ok,2048,0,256,,6.280674291003379,0
0.140017,0,,8,dense,1,5156d36438bebdbb0424c299e0b3ecbe8e46e94102757bc7010204ebbdaa1cab,,0.139922,0,simplified,256,0,coinchange,5.8708e-05,,0,0,22610063,ok,2048,0,256,,0.14812895900104195,0
0.000330125,,,8,dense,1,25c9e2a9ad0726c81663aface6e3317bc6a0a288c832d8bf661a30281aeaa668,,,,simple-dp,256,,coinchange,,,,,23610066,ok,2048,1,256,,0.00473999999667285,
0.0684934,0,,8,dense,1,25c9e2a9ad0726c81663aface6e3317bc6a0a288c832d8bf661a30281aeaa668,,0.0684166,0,deterministic,256,0,coinchange,4.7333e-05,,0,0,23610066,ok,2048,1,256,,0.073291833003168,0
0.0571489,0,,8,dense,1,25c9e2a9ad0726c81663aface6e3317bc6a0a288c832d8bf661a30281aeaa668,,0.0570685,31,randomized-k,256,0,coinchange,4.7791e-05,,153,0,23610066,ok,2048,1,256,,0.061216000001877546,0
0.0699907,0,,8,dense,1,25c9e2a9ad0726c81663aface6e3317bc6a0a288c832d8bf661a30281aeaa668,,0.0699082,0,optimized-peeling,256,0,coinchange,5.2125e-05,,0,0,23610066,ok,2048,1,256,,0.07397616699745413,0
6.43125,0,,8,dense,1,25c9e2a9ad0726c81663aface6e3317bc6a0a288c832d8bf661a30281aeaa668,,6.43114,0,paper-random,256,0,coinchange,5.725e-05,,0,0,23610066,ok,2048,1,256,,6.435365582998202,0
0.133582,0,,8,dense,1,25c9e2a9ad0726c81663aface6e3317bc6a0a288c832d8bf661a30281aeaa668,,0.133503,0,simplified,256,0,coinchange,4.825e-05,,0,0,23610066,ok,2048,1,256,,0.1384330000000773,0
0.000669333,,,8,dense,1,c2eec0193e5b0e179cb140dccf0ef4fab7a2657da6d0d161b271c1b0ddafc179,,,,simple-dp,256,,knapsack,,,,,22610064,ok,2048,0,256,,0.1497274169960292,
0.0455964,,,8,dense,1,c2eec0193e5b0e179cb140dccf0ef4fab7a2657da6d0d161b271c1b0ddafc179,,0.0439367,,paper-kernel,256,,knapsack,0.000710459,,,,22610064,ok,2048,0,256,,0.16172220899898093,
0.000338958,,,8,dense,1,50dbc4eca2b2baad6e37817e72e5bd488a1b9aa49b75d22ea9fe91284a9d379e,,,,simple-dp,256,,knapsack,,,,,23610067,ok,2048,1,256,,0.004586374998325482,
0.0256497,,,8,dense,1,50dbc4eca2b2baad6e37817e72e5bd488a1b9aa49b75d22ea9fe91284a9d379e,,0.0249528,,paper-kernel,256,,knapsack,0.000257709,,,,23610067,ok,2048,1,256,,0.029548541002441198,
9.2584e-05,,,8,random-quarter,1,11c1bf32a67d7db762b4deaef7106a79a333a839d09e6a6c628b3ae6b515c02d,,,,simple-dp,64,,coinchange,,,,,22610164,ok,2048,0,256,,0.0038890419964445755,
0.0499524,0,,8,random-quarter,1,11c1bf32a67d7db762b4deaef7106a79a333a839d09e6a6c628b3ae6b515c02d,,0.0498499,0,deterministic,64,0,coinchange,7.4041e-05,,0,0,22610164,ok,2048,0,256,,0.05369866699766135,0
0.0491158,0,,8,random-quarter,1,11c1bf32a67d7db762b4deaef7106a79a333a839d09e6a6c628b3ae6b515c02d,,0.0489908,31,randomized-k,64,0,coinchange,8.375e-05,,153,0,22610164,ok,2048,0,256,,0.05267008400551276,0
0.0498278,0,,8,random-quarter,1,11c1bf32a67d7db762b4deaef7106a79a333a839d09e6a6c628b3ae6b515c02d,,0.0497212,0,optimized-peeling,64,0,coinchange,7.3958e-05,,0,0,22610164,ok,2048,0,256,,0.053714749999926426,0
8.95724,0,,8,random-quarter,1,11c1bf32a67d7db762b4deaef7106a79a333a839d09e6a6c628b3ae6b515c02d,,8.95708,0,paper-random,64,0,coinchange,0.000114875,,0,0,22610164,ok,2048,0,256,,8.96111424999981,0
0.0805236,0,,8,random-quarter,1,11c1bf32a67d7db762b4deaef7106a79a333a839d09e6a6c628b3ae6b515c02d,,0.0803958,0,simplified,64,0,coinchange,8.7666e-05,,0,0,22610164,ok,2048,0,256,,0.08521137500065379,0
9.0125e-05,,,8,random-quarter,1,75248de2ee92fea583c88133867364844e945f78d017d25d7a19be683662a41d,,,,simple-dp,64,,coinchange,,,,,23610167,ok,2048,1,256,,0.004145708000578452,
0.0543778,0,,8,random-quarter,1,75248de2ee92fea583c88133867364844e945f78d017d25d7a19be683662a41d,,0.0542422,0,deterministic,64,0,coinchange,0.000103875,,0,0,23610167,ok,2048,1,256,,0.05828499999915948,0
0.0542911,0,,8,random-quarter,1,75248de2ee92fea583c88133867364844e945f78d017d25d7a19be683662a41d,,0.0541583,31,randomized-k,64,0,coinchange,9.6834e-05,,153,0,23610167,ok,2048,1,256,,0.058136833999014925,0
0.0555618,0,,8,random-quarter,1,75248de2ee92fea583c88133867364844e945f78d017d25d7a19be683662a41d,,0.0554315,0,optimized-peeling,64,0,coinchange,9.7417e-05,,0,0,23610167,ok,2048,1,256,,0.059514250002393965,0
6.30706,0,,8,random-quarter,1,75248de2ee92fea583c88133867364844e945f78d017d25d7a19be683662a41d,,6.3069,0,paper-random,64,0,coinchange,0.000111833,,0,0,23610167,ok,2048,1,256,,6.311510916995758,0
0.0751458,0,,8,random-quarter,1,75248de2ee92fea583c88133867364844e945f78d017d25d7a19be683662a41d,,0.0750085,0,simplified,64,0,coinchange,0.000103208,,0,0,23610167,ok,2048,1,256,,0.07933208399481373,0
7.3e-05,,,8,random-quarter,1,48ef755ddbd8d615b46e5715ba4a36c8052eeb027223d8e171707cfe2244227c,,,,simple-dp,64,,knapsack,,,,,22610165,ok,2048,0,256,,0.0036569589938153513,
0.0191502,,,8,random-quarter,1,48ef755ddbd8d615b46e5715ba4a36c8052eeb027223d8e171707cfe2244227c,,0.0186714,,paper-kernel,64,,knapsack,0.000351708,,,,22610165,ok,2048,0,256,,0.023951208997459617,
0.000113458,,,8,random-quarter,1,adfb5302cf3a4a8c6d11f4b775336184308729aa1b9caf1e5a2da16deada84e0,,,,simple-dp,64,,knapsack,,,,,23610168,ok,2048,1,256,,0.0035813340000458993,
0.0189976,,,8,random-quarter,1,adfb5302cf3a4a8c6d11f4b775336184308729aa1b9caf1e5a2da16deada84e0,,0.0182977,,paper-kernel,64,,knapsack,0.000563708,,,,23610168,ok,2048,1,256,,0.022642833995632827,
4.3208e-05,,,8,sparse-32,1,8f3ef9b86bdace0321191a420fa9e61c23d43585cb3a15a5168bc68b2cd21206,,,,simple-dp,32,,coinchange,,,,,22610265,ok,2048,0,256,,0.003285624996351544,
0.037421,0,,8,sparse-32,1,8f3ef9b86bdace0321191a420fa9e61c23d43585cb3a15a5168bc68b2cd21206,,0.0372879,0,deterministic,32,0,coinchange,0.000102792,,0,0,22610265,ok,2048,0,256,,0.040977083997859154,0
0.0399735,0,,8,sparse-32,1,8f3ef9b86bdace0321191a420fa9e61c23d43585cb3a15a5168bc68b2cd21206,,0.039832,31,randomized-k,32,0,coinchange,0.000106041,,153,0,22610265,ok,2048,0,256,,0.04362145799677819,0
0.0392287,0,,8,sparse-32,1,8f3ef9b86bdace0321191a420fa9e61c23d43585cb3a15a5168bc68b2cd21206,,0.039097,0,optimized-peeling,32,0,coinchange,0.000102334,,0,0,22610265,ok,2048,0,256,,0.04278912500012666,0
3.84658,0,,8,sparse-32,1,8f3ef9b86bdace0321191a420fa9e61c23d43585cb3a15a5168bc68b2cd21206,,3.84642,0,paper-random,32,0,coinchange,0.000116792,,0,0,22610265,ok,2048,0,256,,3.8504200840034173,0
0.0599622,0,,8,sparse-32,1,8f3ef9b86bdace0321191a420fa9e61c23d43585cb3a15a5168bc68b2cd21206,,0.0598122,0,simplified,32,0,coinchange,0.000110625,,0,0,22610265,ok,2048,0,256,,0.06426366599771427,0
4.5542e-05,,,8,sparse-32,1,b787b6fdc0b6345befcb5da3a88df620fdcf10d80b7ac7ccf2822fc74b89eefd,,,,simple-dp,32,,coinchange,,,,,23610268,ok,2048,1,256,,0.003311542001029011,
0.0373594,0,,8,sparse-32,1,b787b6fdc0b6345befcb5da3a88df620fdcf10d80b7ac7ccf2822fc74b89eefd,,0.0372288,0,deterministic,32,0,coinchange,9.7417e-05,,0,0,23610268,ok,2048,1,256,,0.040978457996970974,0
0.0390687,0,,8,sparse-32,1,b787b6fdc0b6345befcb5da3a88df620fdcf10d80b7ac7ccf2822fc74b89eefd,,0.0389422,31,randomized-k,32,0,coinchange,9.4458e-05,,153,0,23610268,ok,2048,1,256,,0.04307116600102745,0
0.0371208,0,,8,sparse-32,1,b787b6fdc0b6345befcb5da3a88df620fdcf10d80b7ac7ccf2822fc74b89eefd,,0.0369966,0,optimized-peeling,32,0,coinchange,9.3708e-05,,0,0,23610268,ok,2048,1,256,,0.04084708300069906,0
3.96765,0,,8,sparse-32,1,b787b6fdc0b6345befcb5da3a88df620fdcf10d80b7ac7ccf2822fc74b89eefd,,3.9675,0,paper-random,32,0,coinchange,0.000112083,,0,0,23610268,ok,2048,1,256,,3.971452792000491,0
0.0605817,0,,8,sparse-32,1,b787b6fdc0b6345befcb5da3a88df620fdcf10d80b7ac7ccf2822fc74b89eefd,,0.0604297,0,simplified,32,0,coinchange,0.000106792,,0,0,23610268,ok,2048,1,256,,0.0644965419996879,0
4.3166e-05,,,8,sparse-32,1,eb7848a2b938e94251ac695a9d58648211849c2fcfab8cdbf6659668d2b9165e,,,,simple-dp,32,,knapsack,,,,,22610266,ok,2048,0,256,,0.003514916999847628,
0.0186118,,,8,sparse-32,1,eb7848a2b938e94251ac695a9d58648211849c2fcfab8cdbf6659668d2b9165e,,0.0179779,,paper-kernel,32,,knapsack,0.000546125,,,,22610266,ok,2048,0,256,,0.022385457996279,
4.4916e-05,,,8,sparse-32,1,8e790e8493569cefdcce0fd55d80bcc6b73db23b112f810311e0cc444ecf2d10,,,,simple-dp,32,,knapsack,,,,,23610269,ok,2048,1,256,,0.0033162499967147596,
0.0188208,,,8,sparse-32,1,8e790e8493569cefdcce0fd55d80bcc6b73db23b112f810311e0cc444ecf2d10,,0.0184572,,paper-kernel,32,,knapsack,0.000288625,,,,23610269,ok,2048,1,256,,0.022990541998296976,
0.000176709,,,8,upper-half,1,d8ffb7a430ed150e49bd7065848d1678840ea7ca5e0043fc3170bc97ff3793dd,,,,simple-dp,128,,coinchange,,,,,22610366,ok,2048,0,256,,0.003716250001161825,
0.0648733,0,,8,upper-half,1,d8ffb7a430ed150e49bd7065848d1678840ea7ca5e0043fc3170bc97ff3793dd,,0.0647848,0,deterministic,128,0,coinchange,5.4084e-05,,0,0,22610366,ok,2048,0,256,,0.06872366599418456,0
0.0581416,0,,8,upper-half,1,d8ffb7a430ed150e49bd7065848d1678840ea7ca5e0043fc3170bc97ff3793dd,,0.058055,31,randomized-k,128,0,coinchange,5.4542e-05,,153,0,22610366,ok,2048,0,256,,0.06201362499996321,0
0.0645032,0,,8,upper-half,1,d8ffb7a430ed150e49bd7065848d1678840ea7ca5e0043fc3170bc97ff3793dd,,0.064418,0,optimized-peeling,128,0,coinchange,5.4e-05,,0,0,22610366,ok,2048,0,256,,0.06853679200139595,0
0.654985,0,,8,upper-half,1,d8ffb7a430ed150e49bd7065848d1678840ea7ca5e0043fc3170bc97ff3793dd,,0.654893,0,paper-random,128,0,coinchange,5.6542e-05,,0,0,22610366,ok,2048,0,256,,0.6588338750007097,0
0.0981814,0,,8,upper-half,1,d8ffb7a430ed150e49bd7065848d1678840ea7ca5e0043fc3170bc97ff3793dd,,0.0980957,0,simplified,128,0,coinchange,5.5625e-05,,0,0,22610366,ok,2048,0,256,,0.10243491599976551,0
0.000171333,,,8,upper-half,1,842547908059d518d85d2626e21c319b17170cb443eb3ea794186b85e51cfe15,,,,simple-dp,128,,coinchange,,,,,23610369,ok,2048,1,256,,0.00341212499915855,
0.0632643,0,,8,upper-half,1,842547908059d518d85d2626e21c319b17170cb443eb3ea794186b85e51cfe15,,0.063142,0,deterministic,128,0,coinchange,8.5458e-05,,0,0,23610369,ok,2048,1,256,,0.06715429200266954,0
0.0588809,0,,8,upper-half,1,842547908059d518d85d2626e21c319b17170cb443eb3ea794186b85e51cfe15,,0.0587603,31,randomized-k,128,0,coinchange,8.5708e-05,,153,0,23610369,ok,2048,1,256,,0.06278725000447594,0
0.0639949,0,,8,upper-half,1,842547908059d518d85d2626e21c319b17170cb443eb3ea794186b85e51cfe15,,0.0638722,0,optimized-peeling,128,0,coinchange,8.6125e-05,,0,0,23610369,ok,2048,1,256,,0.06781037500331877,0
3.01512,0,,8,upper-half,1,842547908059d518d85d2626e21c319b17170cb443eb3ea794186b85e51cfe15,,3.01498,0,paper-random,128,0,coinchange,9.7667e-05,,0,0,23610369,ok,2048,1,256,,3.019027250004001,0
0.0954987,0,,8,upper-half,1,842547908059d518d85d2626e21c319b17170cb443eb3ea794186b85e51cfe15,,0.0953785,0,simplified,128,0,coinchange,8.5e-05,,0,0,23610369,ok,2048,1,256,,0.09945299999526469,0
0.000146958,,,8,upper-half,1,ca3b5983f621bdaa049f36e1621c0fc78af53cffaa6efcbf55ebb6b8128fbf05,,,,simple-dp,128,,knapsack,,,,,22610367,ok,2048,0,256,,0.0034818750064005144,
0.016674,,,8,upper-half,1,ca3b5983f621bdaa049f36e1621c0fc78af53cffaa6efcbf55ebb6b8128fbf05,,0.0164104,,paper-kernel,128,,knapsack,5.6041e-05,,,,22610367,ok,2048,0,256,,0.020334707995061763,
0.000140541,,,8,upper-half,1,761e301698819a98af1e84323a3bb203d664be5c04f5f97b545c0f19827ee3e1,,,,simple-dp,128,,knapsack,,,,,23610370,ok,2048,1,256,,0.0033670420016278513,
0.0179179,,,8,upper-half,1,761e301698819a98af1e84323a3bb203d664be5c04f5f97b545c0f19827ee3e1,,0.0176397,,paper-kernel,128,,knapsack,7.0167e-05,,,,23610370,ok,2048,1,256,,0.021456124995893333,
1.5375e-05,,,8,geometric,1,cdc3713bc36f5ad29c2202fd85a4ca08cb0536b87b0fdc9516ebcf8fc21439d8,,,,simple-dp,9,,coinchange,,,,,22610467,ok,2048,0,256,,0.0031024580021039583,
0.0300575,0,,8,geometric,1,cdc3713bc36f5ad29c2202fd85a4ca08cb0536b87b0fdc9516ebcf8fc21439d8,,0.0298786,0,deterministic,9,0,coinchange,0.00014275,,0,0,22610467,ok,2048,0,256,,0.03365591699548531,0
0.0363351,0,,8,geometric,1,cdc3713bc36f5ad29c2202fd85a4ca08cb0536b87b0fdc9516ebcf8fc21439d8,,0.0361689,29,randomized-k,9,0,coinchange,0.000113458,,153,0,22610467,ok,2048,0,256,,0.04006295900035184,0
0.031259,0,,8,geometric,1,cdc3713bc36f5ad29c2202fd85a4ca08cb0536b87b0fdc9516ebcf8fc21439d8,,0.0311184,0,optimized-peeling,9,0,coinchange,0.000105584,,0,0,22610467,ok,2048,0,256,,0.0349062080058502,0
2.91172,0,,8,geometric,1,cdc3713bc36f5ad29c2202fd85a4ca08cb0536b87b0fdc9516ebcf8fc21439d8,,2.91155,0,paper-random,9,0,coinchange,0.000120167,,0,0,22610467,ok,2048,0,256,,2.915635083001689,0
0.0384819,0,,8,geometric,1,cdc3713bc36f5ad29c2202fd85a4ca08cb0536b87b0fdc9516ebcf8fc21439d8,,0.0383325,0,simplified,9,0,coinchange,0.000104958,,0,0,22610467,ok,2048,0,256,,0.04230000000097789,0
1.6458e-05,,,8,geometric,1,573beaa21f20631d9aba88a27082a0785849ab9abd8fc21c6618f42a16cdcddc,,,,simple-dp,9,,coinchange,,,,,23610470,ok,2048,1,256,,0.003071084000112023,
0.0301814,0,,8,geometric,1,573beaa21f20631d9aba88a27082a0785849ab9abd8fc21c6618f42a16cdcddc,,0.0300074,0,deterministic,9,0,coinchange,0.000117916,,0,0,23610470,ok,2048,1,256,,0.033923375005542766,0
0.0357729,0,,8,geometric,1,573beaa21f20631d9aba88a27082a0785849ab9abd8fc21c6618f42a16cdcddc,,0.0356303,29,randomized-k,9,0,coinchange,0.000105792,,153,0,23610470,ok,2048,1,256,,0.03955908300122246,0
0.0307474,0,,8,geometric,1,573beaa21f20631d9aba88a27082a0785849ab9abd8fc21c6618f42a16cdcddc,,0.030587,0,optimized-peeling,9,0,coinchange,0.000121209,,0,0,23610470,ok,2048,1,256,,0.034387333995255176,0
4.31775,0,,8,geometric,1,573beaa21f20631d9aba88a27082a0785849ab9abd8fc21c6618f42a16cdcddc,,4.31757,0,paper-random,9,0,coinchange,0.000134625,,0,0,23610470,ok,2048,1,256,,4.321626833996561,0
0.048358,0,,8,geometric,1,573beaa21f20631d9aba88a27082a0785849ab9abd8fc21c6618f42a16cdcddc,,0.0482015,0,simplified,9,0,coinchange,0.000107833,,0,0,23610470,ok,2048,1,256,,0.053967084000760224,0
1.5208e-05,,,8,geometric,1,3f299df4576c8b6ddcc823d89ddc6a7fd643decc49de3e61cfbad4987123ad9b,,,,simple-dp,9,,knapsack,,,,,22610468,ok,2048,0,256,,0.0038953749972279184,
0.0153749,,,8,geometric,1,3f299df4576c8b6ddcc823d89ddc6a7fd643decc49de3e61cfbad4987123ad9b,,0.0149271,,paper-kernel,9,,knapsack,0.000395083,,,,22610468,ok,2048,0,256,,0.01924295900244033,
1.5834e-05,,,8,geometric,1,297af0b601f5e597c5f24d726e0c085c87826d2677ceaf7f67db93a8749c3c38,,,,simple-dp,9,,knapsack,,,,,23610471,ok,2048,1,256,,0.0032802909991005436,
0.015942,,,8,geometric,1,297af0b601f5e597c5f24d726e0c085c87826d2677ceaf7f67db93a8749c3c38,,0.0153534,,paper-kernel,9,,knapsack,0.000540583,,,,23610471,ok,2048,1,256,,0.01949412500107428,
6.6292e-05,,,8,gcd-four,4,78c88001a05531b495372ac3f4e59b6755d0f9afe161c055873e7049c3992de1,,,,simple-dp,64,,coinchange,,,,,22610568,ok,2048,0,256,,0.003263874998083338,
0.0352662,0,,8,gcd-four,4,78c88001a05531b495372ac3f4e59b6755d0f9afe161c055873e7049c3992de1,,0.0352172,0,deterministic,64,0,coinchange,1.8459e-05,,0,0,22610568,ok,2048,0,256,,0.038890457995876204,0
0.0293131,0,,8,gcd-four,4,78c88001a05531b495372ac3f4e59b6755d0f9afe161c055873e7049c3992de1,,0.0292644,27,randomized-k,64,0,coinchange,1.9083e-05,,153,0,22610568,ok,2048,0,256,,0.03269041599560296,0
0.0349739,0,,8,gcd-four,4,78c88001a05531b495372ac3f4e59b6755d0f9afe161c055873e7049c3992de1,,0.0349176,0,optimized-peeling,64,0,coinchange,2.0458e-05,,0,0,22610568,ok,2048,0,256,,0.038333666998369154,0
2.35655,0,,8,gcd-four,4,78c88001a05531b495372ac3f4e59b6755d0f9afe161c055873e7049c3992de1,,2.35648,0,paper-random,64,0,coinchange,2.3667e-05,,0,0,22610568,ok,2048,0,256,,2.3600071249966277,0
0.0754785,0,,8,gcd-four,4,78c88001a05531b495372ac3f4e59b6755d0f9afe161c055873e7049c3992de1,,0.0754299,0,simplified,64,0,coinchange,1.925e-05,,0,0,22610568,ok,2048,0,256,,0.07909391699649859,0
5.8792e-05,,,8,gcd-four,4,ab3f75b4250230fb1342a32c98c6c290be6d01e57f60db42e0cfa976c4961616,,,,simple-dp,64,,coinchange,,,,,23610571,ok,2048,1,256,,0.0035671670048031956,
0.0364097,0,,8,gcd-four,4,ab3f75b4250230fb1342a32c98c6c290be6d01e57f60db42e0cfa976c4961616,,0.0363564,0,deterministic,64,0,coinchange,2.15e-05,,0,0,23610571,ok,2048,1,256,,0.039672874998359475,0
0.0291203,0,,8,gcd-four,4,ab3f75b4250230fb1342a32c98c6c290be6d01e57f60db42e0cfa976c4961616,,0.0290657,27,randomized-k,64,0,coinchange,2.2375e-05,,153,0,23610571,ok,2048,1,256,,0.03351029100304004,0
0.035358,0,,8,gcd-four,4,ab3f75b4250230fb1342a32c98c6c290be6d01e57f60db42e0cfa976c4961616,,0.0352867,0,optimized-peeling,64,0,coinchange,2.9e-05,,0,0,23610571,ok,2048,1,256,,0.038891583993972745,0
0.55645,0,,8,gcd-four,4,ab3f75b4250230fb1342a32c98c6c290be6d01e57f60db42e0cfa976c4961616,,0.556408,0,paper-random,64,0,coinchange,1.275e-05,,0,0,23610571,ok,2048,1,256,,0.5599518329981947,0
0.0733091,0,,8,gcd-four,4,ab3f75b4250230fb1342a32c98c6c290be6d01e57f60db42e0cfa976c4961616,,0.073253,0,simplified,64,0,coinchange,2.2166e-05,,0,0,23610571,ok,2048,1,256,,0.07688804200006416,0
5.5084e-05,,,8,gcd-four,4,1067132ff2df9b0359d34fc10099dbd71660d2c5495ac0e8282fafe08f05e072,,,,simple-dp,64,,knapsack,,,,,22610569,ok,2048,0,256,,0.0033528750063851476,
0.00440125,,,8,gcd-four,4,1067132ff2df9b0359d34fc10099dbd71660d2c5495ac0e8282fafe08f05e072,,0.00422058,,paper-kernel,64,,knapsack,6.3625e-05,,,,22610569,ok,2048,0,256,,0.0076101669983472675,
5.9083e-05,,,8,gcd-four,4,6d7bd9e0b6d298860fef6a65de56ee5e818dc69189972ded09969d9736234c2c,,,,simple-dp,64,,knapsack,,,,,23610572,ok,2048,1,256,,0.0037079589965287596,
0.00489317,,,8,gcd-four,4,6d7bd9e0b6d298860fef6a65de56ee5e818dc69189972ded09969d9736234c2c,,0.00470933,,paper-kernel,64,,knapsack,6.3083e-05,,,,23610572,ok,2048,1,256,,0.00829912500194041,
8.0709e-05,,,8,random-no-one,1,03c2ffd5857742d479fb2bc8499d0fb62dd67c13f6b0fb19473003a2b78bbd4f,,,,simple-dp,64,,coinchange,,,,,22610669,ok,2048,0,256,,0.0034370840003248304,
0.0496308,0,,8,random-no-one,1,03c2ffd5857742d479fb2bc8499d0fb62dd67c13f6b0fb19473003a2b78bbd4f,,0.0495172,0,deterministic,64,0,coinchange,8.4041e-05,,0,0,22610669,ok,2048,0,256,,0.05330549999780487,0
0.0506624,0,,8,random-no-one,1,03c2ffd5857742d479fb2bc8499d0fb62dd67c13f6b0fb19473003a2b78bbd4f,,0.0505425,31,randomized-k,64,0,coinchange,8.6333e-05,,153,0,22610669,ok,2048,0,256,,0.054510958994796965,0
0.0505209,0,,8,random-no-one,1,03c2ffd5857742d479fb2bc8499d0fb62dd67c13f6b0fb19473003a2b78bbd4f,,0.0504026,0,optimized-peeling,64,0,coinchange,8.6708e-05,,0,0,22610669,ok,2048,0,256,,0.054230708003160544,0
8.06116,0,,8,random-no-one,1,03c2ffd5857742d479fb2bc8499d0fb62dd67c13f6b0fb19473003a2b78bbd4f,,8.061,0,paper-random,64,0,coinchange,0.000121292,,0,0,22610669,ok,2048,0,256,,8.065020792004361,0
0.0800908,0,,8,random-no-one,1,03c2ffd5857742d479fb2bc8499d0fb62dd67c13f6b0fb19473003a2b78bbd4f,,0.0799659,0,simplified,64,0,coinchange,9.1583e-05,,0,0,22610669,ok,2048,0,256,,0.0843029169991496,0
8.4292e-05,,,8,random-no-one,1,e4d2bace3c68d015df8575e86f882189de3feed3368a4708e14ec5b3c65056f0,,,,simple-dp,64,,coinchange,,,,,23610672,ok,2048,1,256,,0.0034887090005213395,
0.0569283,0,,8,random-no-one,1,e4d2bace3c68d015df8575e86f882189de3feed3368a4708e14ec5b3c65056f0,,0.056808,0,deterministic,64,0,coinchange,8.3833e-05,,0,0,23610672,ok,2048,1,256,,0.06088262499542907,0
0.0536224,0,,8,random-no-one,1,e4d2bace3c68d015df8575e86f882189de3feed3368a4708e14ec5b3c65056f0,,0.0534851,31,randomized-k,64,0,coinchange,0.000101708,,153,0,23610672,ok,2048,1,256,,0.05764270900544943,0
0.0555082,0,,8,random-no-one,1,e4d2bace3c68d015df8575e86f882189de3feed3368a4708e14ec5b3c65056f0,,0.0553899,0,optimized-peeling,64,0,coinchange,8.4167e-05,,0,0,23610672,ok,2048,1,256,,0.06014850000065053,0
7.42033,0,,8,random-no-one,1,e4d2bace3c68d015df8575e86f882189de3feed3368a4708e14ec5b3c65056f0,,7.42018,0,paper-random,64,0,coinchange,0.000115959,,0,0,23610672,ok,2048,1,256,,7.424607458000537,0
0.074394,0,,8,random-no-one,1,e4d2bace3c68d015df8575e86f882189de3feed3368a4708e14ec5b3c65056f0,,0.0742738,0,simplified,64,0,coinchange,8.6792e-05,,0,0,23610672,ok,2048,1,256,,0.07861579200107371,0
7.1625e-05,,,8,random-no-one,1,e97bfe82485f2f877b6daf42b9f910cbdad8db2fd5266efaace8f8c89f915158,,,,simple-dp,64,,knapsack,,,,,22610670,ok,2048,0,256,,0.004032083001220599,
0.0181381,,,8,random-no-one,1,e97bfe82485f2f877b6daf42b9f910cbdad8db2fd5266efaace8f8c89f915158,,0.0176601,,paper-kernel,64,,knapsack,0.000354334,,,,22610670,ok,2048,0,256,,0.022770207993744407,
7.45e-05,,,8,random-no-one,1,4af888ce22c626e10f1b264d27b39f3ec19ea83aa67c2704a35ee812138f54d3,,,,simple-dp,64,,knapsack,,,,,23610673,ok,2048,1,256,,0.0034961250057676807,
0.0183376,,,8,random-no-one,1,4af888ce22c626e10f1b264d27b39f3ec19ea83aa67c2704a35ee812138f54d3,,0.0176276,,paper-kernel,64,,knapsack,0.000567417,,,,23610673,ok,2048,1,256,,0.022328499995637685,
0.00140454,,,8,dense,1,40b7641498f8ce5907c46df7bbbca308707d958ed9b69dee78dc5bb20fb9d575,,,,simple-dp,512,,coinchange,,,,,24959119,ok,4096,0,512,,0.005582707999565173,
0.166652,0,,8,dense,1,40b7641498f8ce5907c46df7bbbca308707d958ed9b69dee78dc5bb20fb9d575,,0.166457,33,randomized-k,512,0,coinchange,0.000156917,,190,0,24959119,ok,4096,0,512,,0.1720541249960661,0
0.458684,0,,8,dense,1,40b7641498f8ce5907c46df7bbbca308707d958ed9b69dee78dc5bb20fb9d575,,0.458494,0,simplified,512,0,coinchange,0.000154375,,0,0,24959119,ok,4096,0,512,,0.464423582998279,0
0.0012505,,,8,dense,1,b531f6241de5b8f7a9dbbd9a5f8cebdef377c419770d439b36ae5e910bbd1551,,,,simple-dp,512,,coinchange,,,,,25959122,ok,4096,1,512,,0.005526249995455146,
0.165079,0,,8,dense,1,b531f6241de5b8f7a9dbbd9a5f8cebdef377c419770d439b36ae5e910bbd1551,,0.164943,33,randomized-k,512,0,coinchange,9.6667e-05,,190,0,25959122,ok,4096,1,512,,0.17058512500079814,0
0.46251,0,,8,dense,1,b531f6241de5b8f7a9dbbd9a5f8cebdef377c419770d439b36ae5e910bbd1551,,0.462384,0,simplified,512,0,coinchange,9.1792e-05,,0,0,25959122,ok,4096,1,512,,0.4677805410028668,0
0.00105096,,,8,dense,1,d69e449f54b5d507fd22b0dfe6d84c1e6c99c44959e4e0a528c96f67a8d3a9c3,,,,simple-dp,512,,knapsack,,,,,24959120,ok,4096,0,512,,0.005571875000896398,
0.0919031,,,8,dense,1,d69e449f54b5d507fd22b0dfe6d84c1e6c99c44959e4e0a528c96f67a8d3a9c3,,0.090065,,paper-kernel,512,,knapsack,0.00106446,,,,24959120,ok,4096,0,512,,0.09664774999691872,
0.00107983,,,8,dense,1,4853e06b9e345cb78019429e04bf1e23872656b33a0f760b79f4cade2a15f02a,,,,simple-dp,512,,knapsack,,,,,25959123,ok,4096,1,512,,0.0058285420018364675,
0.0915439,,,8,dense,1,4853e06b9e345cb78019429e04bf1e23872656b33a0f760b79f4cade2a15f02a,,0.0900844,,paper-kernel,512,,knapsack,0.000688958,,,,25959123,ok,4096,1,512,,0.09663837499829242,
0.000324834,,,8,random-quarter,1,cd629633565383a342ec480ec03b71976fbbeefbab0143c78dc3b163edf7b76d,,,,simple-dp,128,,coinchange,,,,,24959220,ok,4096,0,512,,0.004042417000164278,
0.171211,0,,8,random-quarter,1,cd629633565383a342ec480ec03b71976fbbeefbab0143c78dc3b163edf7b76d,,0.17099,33,randomized-k,128,0,coinchange,0.000183709,,190,0,24959220,ok,4096,0,512,,0.1758724590035854,0
0.257082,0,,8,random-quarter,1,cd629633565383a342ec480ec03b71976fbbeefbab0143c78dc3b163edf7b76d,,0.256845,0,simplified,128,0,coinchange,0.000198875,,0,0,24959220,ok,4096,0,512,,0.2620807909988798,0
0.00032625,,,8,random-quarter,1,e44f034941892890b1e0662d51006d771e6d030e4e1cc73667ce2c6371268f79,,,,simple-dp,128,,coinchange,,,,,25959223,ok,4096,1,512,,0.004077874997165054,
0.179093,0,,8,random-quarter,1,e44f034941892890b1e0662d51006d771e6d030e4e1cc73667ce2c6371268f79,,0.178876,33,randomized-k,128,0,coinchange,0.000175,,190,0,25959223,ok,4096,1,512,,0.18402329200034728,0
0.242287,0,,8,random-quarter,1,e44f034941892890b1e0662d51006d771e6d030e4e1cc73667ce2c6371268f79,,0.242055,0,simplified,128,0,coinchange,0.000192583,,0,0,25959223,ok,4096,1,512,,0.2474380409985315,0
0.000298875,,,8,random-quarter,1,e87f1ccc89ea5e45afa32ee77e3a9bd294ccd27d72ffefb379a1c9535ae85be1,,,,simple-dp,128,,knapsack,,,,,24959221,ok,4096,0,512,,0.008540707996871788,
0.0642069,,,8,random-quarter,1,e87f1ccc89ea5e45afa32ee77e3a9bd294ccd27d72ffefb379a1c9535ae85be1,,0.0633935,,paper-kernel,128,,knapsack,0.000596417,,,,24959221,ok,4096,0,512,,0.06883108299371088,
0.000281792,,,8,random-quarter,1,bd0a2edb773cc1bd01bdc19357a14a46e6ff14040cc0d64b4a02ea47b118731e,,,,simple-dp,128,,knapsack,,,,,25959224,ok,4096,1,512,,0.003966333002608735,
0.0678791,,,8,random-quarter,1,bd0a2edb773cc1bd01bdc19357a14a46e6ff14040cc0d64b4a02ea47b118731e,,0.0664742,,paper-kernel,128,,knapsack,0.00117279,,,,25959224,ok,4096,1,512,,0.07230508400243707,
8.7416e-05,,,8,sparse-32,1,528c6ab9f5f3b8c84a258a7769aa846e2a670416ac8289f07d5cbc17995e8c4c,,,,simple-dp,32,,coinchange,,,,,24959321,ok,4096,0,512,,0.0034289579998585396,
0.117596,0,,8,sparse-32,1,528c6ab9f5f3b8c84a258a7769aa846e2a670416ac8289f07d5cbc17995e8c4c,,0.117358,33,randomized-k,32,0,coinchange,0.000199208,,190,0,24959321,ok,4096,0,512,,0.12198804099898553,0
0.155883,0,,8,sparse-32,1,528c6ab9f5f3b8c84a258a7769aa846e2a670416ac8289f07d5cbc17995e8c4c,,0.155627,0,simplified,32,0,coinchange,0.0002175,,0,0,24959321,ok,4096,0,512,,0.16053841699613258,0
0.000104166,,,8,sparse-32,1,017d313b5035359cca9b44cf6b922fc1182ed12fd03e213c7ea7cae58cc29184,,,,simple-dp,32,,coinchange,,,,,25959324,ok,4096,1,512,,0.0036315420002210885,
0.12862,0,,8,sparse-32,1,017d313b5035359cca9b44cf6b922fc1182ed12fd03e213c7ea7cae58cc29184,,0.128374,33,randomized-k,32,0,coinchange,0.000210375,,190,0,25959324,ok,4096,1,512,,0.13310025000100723,0
0.149771,0,,8,sparse-32,1,017d313b5035359cca9b44cf6b922fc1182ed12fd03e213c7ea7cae58cc29184,,0.149526,0,simplified,32,0,coinchange,0.000209375,,0,0,25959324,ok,4096,1,512,,0.15440070800104877,0
8.1583e-05,,,8,sparse-32,1,0e6f1f239f52d95a48b9691db011390d4e0cb2f3d6bda263f562912c212ac28a,,,,simple-dp,32,,knapsack,,,,,24959322,ok,4096,0,512,,0.0037857499992242083,
0.065779,,,8,sparse-32,1,0e6f1f239f52d95a48b9691db011390d4e0cb2f3d6bda263f562912c212ac28a,,0.0651358,,paper-kernel,32,,knapsack,0.000559875,,,,24959322,ok,4096,0,512,,0.07020958400244126,
7.5875e-05,,,8,sparse-32,1,f113447502735415e7e1fc63bc8460bcbe43464abfaec16a1c5904becb9cf7ae,,,,simple-dp,32,,knapsack,,,,,25959325,ok,4096,1,512,,0.0036356659984448925,
0.0689595,,,8,sparse-32,1,f113447502735415e7e1fc63bc8460bcbe43464abfaec16a1c5904becb9cf7ae,,0.0682539,,paper-kernel,32,,knapsack,0.000621708,,,,25959325,ok,4096,1,512,,0.07404274999862537,
0.00100679,,,8,upper-half,1,b43fb270afbf5848fbdf049f8433b5b8e075eece732f8ac5ca4f0009a9b6cb92,,,,simple-dp,256,,coinchange,,,,,24959422,ok,4096,0,512,,0.008595917002821807,
0.222501,0,,8,upper-half,1,b43fb270afbf5848fbdf049f8433b5b8e075eece732f8ac5ca4f0009a9b6cb92,,0.222276,33,randomized-k,256,0,coinchange,0.000179042,,190,0,24959422,ok,4096,0,512,,0.23129095799959032,0
0.362033,0,,8,upper-half,1,b43fb270afbf5848fbdf049f8433b5b8e075eece732f8ac5ca4f0009a9b6cb92,,0.361819,0,simplified,256,0,coinchange,0.000165208,,0,0,24959422,ok,4096,0,512,,0.3676605830041808,0
0.000704417,,,8,upper-half,1,f23fc44c228e45525431b0acd269e94fcfc26d211f5f2ca49abb5596a50fd6f2,,,,simple-dp,256,,coinchange,,,,,25959425,ok,4096,1,512,,0.004796417000761721,
0.228215,0,,8,upper-half,1,f23fc44c228e45525431b0acd269e94fcfc26d211f5f2ca49abb5596a50fd6f2,,0.228073,33,randomized-k,256,0,coinchange,0.000105375,,190,0,25959425,ok,4096,1,512,,0.23349249999591848,0
0.335743,0,,8,upper-half,1,f23fc44c228e45525431b0acd269e94fcfc26d211f5f2ca49abb5596a50fd6f2,,0.335603,0,simplified,256,0,coinchange,0.000105,,0,0,25959425,ok,4096,1,512,,0.3405255420002504,0
0.000549417,,,8,upper-half,1,50b72bfb9175fa45eb484be112eaa5e919c990b530b8d26ef0afa434fd478286,,,,simple-dp,256,,knapsack,,,,,24959423,ok,4096,0,512,,0.004720124998129904,
0.0638245,,,8,upper-half,1,50b72bfb9175fa45eb484be112eaa5e919c990b530b8d26ef0afa434fd478286,,0.063253,,paper-kernel,256,,knapsack,0.000165916,,,,24959423,ok,4096,0,512,,0.0689442919974681,
0.000535792,,,8,upper-half,1,56688ecfd0be84d9b387147452d8b6ad3b736e21975766e1609b34fb92a148ac,,,,simple-dp,256,,knapsack,,,,,25959426,ok,4096,1,512,,0.004391500006022397,
0.0623164,,,8,upper-half,1,56688ecfd0be84d9b387147452d8b6ad3b736e21975766e1609b34fb92a148ac,,0.0617459,,paper-kernel,256,,knapsack,0.000152,,,,25959426,ok,4096,1,512,,0.06712191599945072,
3.6791e-05,,,8,geometric,1,f48b5f04247c7bafec790a31d40751784c5867d93a435fcca094e318eb1fe9c5,,,,simple-dp,10,,coinchange,,,,,24959523,ok,4096,0,512,,0.0034699579991865903,
0.105454,0,,8,geometric,1,f48b5f04247c7bafec790a31d40751784c5867d93a435fcca094e318eb1fe9c5,,0.10515,31,randomized-k,10,0,coinchange,0.000243291,,190,0,24959523,ok,4096,0,512,,0.11029024999879766,0
0.0944559,0,,8,geometric,1,f48b5f04247c7bafec790a31d40751784c5867d93a435fcca094e318eb1fe9c5,,0.0941537,0,simplified,10,0,coinchange,0.000240833,,0,0,24959523,ok,4096,0,512,,0.09945987499668263,0
3.7875e-05,,,8,geometric,1,12d1e101d169eaea715a5ee380bbc542f029f4cb26a2b1830500a3000c5790e3,,,,simple-dp,10,,coinchange,,,,,25959526,ok,4096,1,512,,0.003562249999959022,
0.103252,0,,8,geometric,1,12d1e101d169eaea715a5ee380bbc542f029f4cb26a2b1830500a3000c5790e3,,0.102972,31,randomized-k,10,0,coinchange,0.000226875,,190,0,25959526,ok,4096,1,512,,0.1080558750036289,0
0.0930246,0,,8,geometric,1,12d1e101d169eaea715a5ee380bbc542f029f4cb26a2b1830500a3000c5790e3,,0.092742,0,simplified,10,0,coinchange,0.000239833,,0,0,25959526,ok,4096,1,512,,0.09795795800164342,0
3.575e-05,,,8,geometric,1,570c457c3772145ceba683d8a03332c8920d8b8ba204bc8271df5cfbcf1f6c71,,,,simple-dp,10,,knapsack,,,,,24959524,ok,4096,0,512,,0.0036023330030729994,
0.0475231,,,8,geometric,1,570c457c3772145ceba683d8a03332c8920d8b8ba204bc8271df5cfbcf1f6c71,,0.0466942,,paper-kernel,10,,knapsack,0.000772,,,,24959524,ok,4096,0,512,,0.05231841700151563,
3.1834e-05,,,8,geometric,1,72aaa45c4a6338afeffe48e1414db8c7fa837339003641e6ea93863ba5462b6c,,,,simple-dp,10,,knapsack,,,,,25959527,ok,4096,1,512,,0.003610125000705011,
0.0459174,,,8,geometric,1,72aaa45c4a6338afeffe48e1414db8c7fa837339003641e6ea93863ba5462b6c,,0.0451992,,paper-kernel,10,,knapsack,0.00066275,,,,25959527,ok,4096,1,512,,0.05017795899766497,
0.000227875,,,8,gcd-four,4,7c19350d41fa95424c976e8f99b844a7359749837733e841d87a4abb2de58b4c,,,,simple-dp,128,,coinchange,,,,,24959624,ok,4096,0,512,,0.0038956249991315417,
0.0810317,0,,8,gcd-four,4,7c19350d41fa95424c976e8f99b844a7359749837733e841d87a4abb2de58b4c,,0.0809544,29,randomized-k,128,0,coinchange,4.4083e-05,,190,0,24959624,ok,4096,0,512,,0.08504041699779918,0
0.302775,0,,8,gcd-four,4,7c19350d41fa95424c976e8f99b844a7359749837733e841d87a4abb2de58b4c,,0.302693,0,simplified,128,0,coinchange,4.5917e-05,,0,0,24959624,ok,4096,0,512,,0.30698841599951265,0
0.000220916,,,8,gcd-four,4,cf8fcee5075eeec5ff6917d9fc84492ececbe7c0eeb77e1095a4a4b3c000a02a,,,,simple-dp,128,,coinchange,,,,,25959627,ok,4096,1,512,,0.004085666994797066,
0.0828671,0,,8,gcd-four,4,cf8fcee5075eeec5ff6917d9fc84492ececbe7c0eeb77e1095a4a4b3c000a02a,,0.0828118,29,randomized-k,128,0,coinchange,2.1375e-05,,190,0,25959627,ok,4096,1,512,,0.08683145899703959,0
0.266937,0,,8,gcd-four,4,cf8fcee5075eeec5ff6917d9fc84492ececbe7c0eeb77e1095a4a4b3c000a02a,,0.266867,0,simplified,128,0,coinchange,2.4084e-05,,0,0,25959627,ok,4096,1,512,,0.2712098749980214,0
0.000221542,,,8,gcd-four,4,7d1a0b7f3293496ef8512d049738725660cb9872696f97e139861ce98eb78ac8,,,,simple-dp,128,,knapsack,,,,,24959625,ok,4096,0,512,,0.004219750000629574,
0.0149309,,,8,gcd-four,4,7d1a0b7f3293496ef8512d049738725660cb9872696f97e139861ce98eb78ac8,,0.0145488,,paper-kernel,128,,knapsack,0.000161834,,,,24959625,ok,4096,0,512,,0.018850708998797927,
0.000232708,,,8,gcd-four,4,f5b7133a64deab77f3af4a2c7b4b87e608e2cac9f70d2951802991666dbb1cda,,,,simple-dp,128,,knapsack,,,,,25959628,ok,4096,1,512,,0.003959624998969957,
0.0150613,,,8,gcd-four,4,f5b7133a64deab77f3af4a2c7b4b87e608e2cac9f70d2951802991666dbb1cda,,0.0147174,,paper-kernel,128,,knapsack,0.000126416,,,,25959628,ok,4096,1,512,,0.019017124999663793,
0.000316458,,,8,random-no-one,1,bcc129fd2ab3de3ae5c95fc3fd012ca1fbdccf1ed99347bc93d8e3f133174a9e,,,,simple-dp,128,,coinchange,,,,,24959725,ok,4096,0,512,,0.00409074999333825,
0.168874,0,,8,random-no-one,1,bcc129fd2ab3de3ae5c95fc3fd012ca1fbdccf1ed99347bc93d8e3f133174a9e,,0.168614,33,randomized-k,128,0,coinchange,0.0002115,,190,0,24959725,ok,4096,0,512,,0.17393150000134483,0
0.239832,0,,8,random-no-one,1,bcc129fd2ab3de3ae5c95fc3fd012ca1fbdccf1ed99347bc93d8e3f133174a9e,,0.239594,0,simplified,128,0,coinchange,0.000198292,,0,0,24959725,ok,4096,0,512,,0.24466962499718647,0
0.000311834,,,8,random-no-one,1,51141290de3eacfb52d265e7348abdf89e0798720d9f3d5a5fef8befcc496c11,,,,simple-dp,128,,coinchange,,,,,25959728,ok,4096,1,512,,0.0039007089944789186,
0.187937,0,,8,random-no-one,1,51141290de3eacfb52d265e7348abdf89e0798720d9f3d5a5fef8befcc496c11,,0.187763,33,randomized-k,128,0,coinchange,0.000135708,,190,0,25959728,ok,4096,1,512,,0.1926527920004446,0
0.277909,0,,8,random-no-one,1,51141290de3eacfb52d265e7348abdf89e0798720d9f3d5a5fef8befcc496c11,,0.27769,0,simplified,128,0,coinchange,0.000165291,,0,0,25959728,ok,4096,1,512,,0.28283558299881406,0
0.00026475,,,8,random-no-one,1,17b229636ff1a29c12a421230c671142b6798d588edd782ed55f2fad8c053aea,,,,simple-dp,128,,knapsack,,,,,24959726,ok,4096,0,512,,0.004133875001571141,
0.0647177,,,8,random-no-one,1,17b229636ff1a29c12a421230c671142b6798d588edd782ed55f2fad8c053aea,,0.0632904,,paper-kernel,128,,knapsack,0.00119812,,,,24959726,ok,4096,0,512,,0.0699167499988107,
0.000273708,,,8,random-no-one,1,f8e24607145c9d95765f233e9546e84e4cdecbd6468d17e321f9586fb5599f78,,,,simple-dp,128,,knapsack,,,,,25959729,ok,4096,1,512,,0.004087207998964004,
0.0648327,,,8,random-no-one,1,f8e24607145c9d95765f233e9546e84e4cdecbd6468d17e321f9586fb5599f78,,0.0635754,,paper-kernel,128,,knapsack,0.00102421,,,,25959729,ok,4096,1,512,,0.06971129199519055,
0.00508192,,,8,dense,1,891d59a23be410deb69a614b2fc5d4845d99669c8879c87ed8224be90238d26b,,,,simple-dp,1024,,coinchange,,,,,29657231,ok,8192,0,1024,,0.010328249998565298,
0.577919,0,,8,dense,1,891d59a23be410deb69a614b2fc5d4845d99669c8879c87ed8224be90238d26b,,0.577651,35,randomized-k,1024,0,coinchange,0.000223,,231,0,29657231,ok,8192,0,1024,,0.5854823339977884,0
1.51193,0,,8,dense,1,891d59a23be410deb69a614b2fc5d4845d99669c8879c87ed8224be90238d26b,,1.51157,0,simplified,1024,0,coinchange,0.000314708,,0,0,29657231,ok,8192,0,1024,,1.5195289170005708,0
0.00506263,,,8,dense,1,0411550581a1b3e03b8da47d172f91d67e459da90c2f556a9f75a215ee91f37d,,,,simple-dp,1024,,coinchange,,,,,30657234,ok,8192,1,1024,,0.010385083995060995,
0.563448,0,,8,dense,1,0411550581a1b3e03b8da47d172f91d67e459da90c2f556a9f75a215ee91f37d,,0.563123,35,randomized-k,1024,0,coinchange,0.000277459,,231,0,30657234,ok,8192,1,1024,,0.571394667000277,0
1.5075,0,,8,dense,1,0411550581a1b3e03b8da47d172f91d67e459da90c2f556a9f75a215ee91f37d,,1.50716,0,simplified,1024,0,coinchange,0.000291667,,0,0,30657234,ok,8192,1,1024,,1.5153318340016995,0
0.00419575,,,8,dense,1,531bc1c0c5f11c89cde35cb2f9533a80edb631a757e6704c089da5bcb744400e,,,,simple-dp,1024,,knapsack,,,,,29657232,ok,8192,0,1024,,0.009899791999487206,
0.392332,,,8,dense,1,531bc1c0c5f11c89cde35cb2f9533a80edb631a757e6704c089da5bcb744400e,,0.389247,,paper-kernel,1024,,knapsack,0.00147108,,,,29657232,ok,8192,0,1024,,0.39951287499570753,
0.00416404,,,8,dense,1,e261b8ca04c4797a1400741748b1a2ed723b4b804a18700bac6c2125b7760e77,,,,simple-dp,1024,,knapsack,,,,,30657235,ok,8192,1,1024,,0.010031291996710934,
0.369476,,,8,dense,1,e261b8ca04c4797a1400741748b1a2ed723b4b804a18700bac6c2125b7760e77,,0.366065,,paper-kernel,1024,,knapsack,0.00184604,,,,30657235,ok,8192,1,1024,,0.37627574999351054,
0.00131421,,,8,random-quarter,1,1a649de053229d48951ef87536286ef1144b22000cc7a2d7da57e75d61fdf528,,,,simple-dp,256,,coinchange,,,,,29657332,ok,8192,0,1024,,0.00572433300112607,
0.58817,0,,8,random-quarter,1,1a649de053229d48951ef87536286ef1144b22000cc7a2d7da57e75d61fdf528,,0.587793,35,randomized-k,256,0,coinchange,0.000331625,,231,0,29657332,ok,8192,0,1024,,0.5952036250018864,0
0.81661,0,,8,random-quarter,1,1a649de053229d48951ef87536286ef1144b22000cc7a2d7da57e75d61fdf528,,0.815402,0,simplified,256,0,coinchange,0.00114112,,0,0,29657332,ok,8192,0,1024,,0.8266241250021267,0
0.00168421,,,8,random-quarter,1,6cc73b59ce8556e1e11abea2d9f029a2d4c654cbfb5859e086b989f45e69b5f0,,,,simple-dp,256,,coinchange,,,,,30657335,ok,8192,1,1024,,0.010076040998683311,
0.68384,0,,8,random-quarter,1,6cc73b59ce8556e1e11abea2d9f029a2d4c654cbfb5859e086b989f45e69b5f0,,0.683501,35,randomized-k,256,0,coinchange,0.000295375,,231,0,30657335,ok,8192,1,1024,,0.6932033330012928,0
0.811338,0,,8,random-quarter,1,6cc73b59ce8556e1e11abea2d9f029a2d4c654cbfb5859e086b989f45e69b5f0,,0.811028,0,simplified,256,0,coinchange,0.000271167,,0,0,30657335,ok,8192,1,1024,,0.8181311669977731,0
0.00105546,,,8,random-quarter,1,a7ebc6a9e0411fa0e4bb88d7f4c6c7b077ff3d50b24099ba8b08647d60f2c321,,,,simple-dp,256,,knapsack,,,,,29657333,ok,8192,0,1024,,0.005808499998238403,
0.235594,,,8,random-quarter,1,a7ebc6a9e0411fa0e4bb88d7f4c6c7b077ff3d50b24099ba8b08647d60f2c321,,0.233527,,paper-kernel,256,,knapsack,0.00162358,,,,29657333,ok,8192,0,1024,,0.24254445899714483,
0.00115142,,,8,random-quarter,1,08c68f6f41f54bcca36ce98e596089a31d4536d864b80efc1199a0fea395ba8f,,,,simple-dp,256,,knapsack,,,,,30657336,ok,8192,1,1024,,0.005687374999979511,
0.235923,,,8,random-quarter,1,08c68f6f41f54bcca36ce98e596089a31d4536d864b80efc1199a0fea395ba8f,,0.233829,,paper-kernel,256,,knapsack,0.00166604,,,,30657336,ok,8192,1,1024,,0.24241208400053438,
0.000194791,,,8,sparse-32,1,d9c9a4f4e2e87fd0662b1cd4e0cc8c474a397fc9e40dd35e759ef27636f32ce9,,,,simple-dp,32,,coinchange,,,,,29657433,ok,8192,0,1024,,0.004249541998433415,
0.381479,0,,8,sparse-32,1,d9c9a4f4e2e87fd0662b1cd4e0cc8c474a397fc9e40dd35e759ef27636f32ce9,,0.380944,35,randomized-k,32,0,coinchange,0.000489667,,231,0,29657433,ok,8192,0,1024,,0.38794549999875017,0
0.357726,0,,8,sparse-32,1,d9c9a4f4e2e87fd0662b1cd4e0cc8c474a397fc9e40dd35e759ef27636f32ce9,,0.357173,0,simplified,32,0,coinchange,0.00050725,,0,0,29657433,ok,8192,0,1024,,0.3641845829988597,0
0.000165917,,,8,sparse-32,1,9a992683128038693561347840e41464515ec44bfb44668ef44a517a5cca574c,,,,simple-dp,32,,coinchange,,,,,30657436,ok,8192,1,1024,,0.0042164999977103435,
0.372007,0,,8,sparse-32,1,9a992683128038693561347840e41464515ec44bfb44668ef44a517a5cca574c,,0.371544,35,randomized-k,32,0,coinchange,0.000425666,,231,0,30657436,ok,8192,1,1024,,0.37824216700391844,0
0.355352,0,,8,sparse-32,1,9a992683128038693561347840e41464515ec44bfb44668ef44a517a5cca574c,,0.354829,0,simplified,32,0,coinchange,0.000474792,,0,0,30657436,ok,8192,1,1024,,0.36165533299936214,0
0.000206375,,,8,sparse-32,1,051d2e46e810b5a102a915e944dae1cbdddf65315004eda9aaf1dd6267c98277,,,,simple-dp,32,,knapsack,,,,,29657434,ok,8192,0,1024,,0.004654292002669536,
0.223292,,,8,sparse-32,1,051d2e46e810b5a102a915e944dae1cbdddf65315004eda9aaf1dd6267c98277,,0.221666,,paper-kernel,32,,knapsack,0.00153346,,,,29657434,ok,8192,0,1024,,0.23073662499518832,
0.000155458,,,8,sparse-32,1,17649941e7fd1a102f65782661dbf8d04bb37ef0626af6473a2321d769d5603a,,,,simple-dp,32,,knapsack,,,,,30657437,ok,8192,1,1024,,0.0041930410006898455,
0.22557,,,8,sparse-32,1,17649941e7fd1a102f65782661dbf8d04bb37ef0626af6473a2321d769d5603a,,0.223729,,paper-kernel,32,,knapsack,0.00174767,,,,30657437,ok,8192,1,1024,,0.23234362500079442,
0.00247258,,,8,upper-half,1,702e68e674a4565b841fe8afaf79e48c1c83040e89a3c6d1dfae0d3f1f31ac25,,,,simple-dp,512,,coinchange,,,,,29657534,ok,8192,0,1024,,0.00716679200559156,
0.535349,0,,8,upper-half,1,702e68e674a4565b841fe8afaf79e48c1c83040e89a3c6d1dfae0d3f1f31ac25,,0.535148,35,randomized-k,512,0,coinchange,0.00016375,,231,0,29657534,ok,8192,0,1024,,0.5422189590026392,0
1.12175,0,,8,upper-half,1,702e68e674a4565b841fe8afaf79e48c1c83040e89a3c6d1dfae0d3f1f31ac25,,1.12149,0,simplified,512,0,coinchange,0.000224041,,0,0,29657534,ok,8192,0,1024,,1.1284831250013667,0
0.00258683,,,8,upper-half,1,e04cc14bc3538f32a93feb01739e85ed44687ef50aa95a05544e82dfbbd46450,,,,simple-dp,512,,coinchange,,,,,30657537,ok,8192,1,1024,,0.007841166996513493,
0.634729,0,,8,upper-half,1,e04cc14bc3538f32a93feb01739e85ed44687ef50aa95a05544e82dfbbd46450,,0.63439,35,randomized-k,512,0,coinchange,0.000294625,,231,0,30657537,ok,8192,1,1024,,0.6422442080001929,0
1.13496,0,,8,upper-half,1,e04cc14bc3538f32a93feb01739e85ed44687ef50aa95a05544e82dfbbd46450,,1.13457,0,simplified,512,0,coinchange,0.000338209,,0,0,30657537,ok,8192,1,1024,,1.1427245409940952,0
0.00206017,,,8,upper-half,1,fd7609f604692191e2b4f2fc25cd1122bcd1445185d287e93b85090c441ca7d9,,,,simple-dp,512,,knapsack,,,,,29657535,ok,8192,0,1024,,0.00710912499926053,
0.239572,,,8,upper-half,1,fd7609f604692191e2b4f2fc25cd1122bcd1445185d287e93b85090c441ca7d9,,0.23844,,paper-kernel,512,,knapsack,0.000327916,,,,29657535,ok,8192,0,1024,,0.24617687499994645,
0.0021965,,,8,upper-half,1,49378e7600091068fa5acc3a35a00d29d52bc7a3005e612c480ea3550cbe0ee3,,,,simple-dp,512,,knapsack,,,,,30657538,ok,8192,1,1024,,0.007401457995001692,
0.240731,,,8,upper-half,1,49378e7600091068fa5acc3a35a00d29d52bc7a3005e612c480ea3550cbe0ee3,,0.239507,,paper-kernel,512,,knapsack,0.00035375,,,,30657538,ok,8192,1,1024,,0.2480686249982682,
7.0334e-05,,,8,geometric,1,212c8eadb44d62cf8fdc85d799f693820292865e4ab7034ad5859c2c6d1bd815,,,,simple-dp,11,,coinchange,,,,,29657635,ok,8192,0,1024,,0.00405812499957392,
0.32038,0,,8,geometric,1,212c8eadb44d62cf8fdc85d799f693820292865e4ab7034ad5859c2c6d1bd815,,0.319837,35,randomized-k,11,0,coinchange,0.00048675,,231,0,29657635,ok,8192,0,1024,,0.3272810409980593,0
0.254832,0,,8,geometric,1,212c8eadb44d62cf8fdc85d799f693820292865e4ab7034ad5859c2c6d1bd815,,0.254285,0,simplified,11,0,coinchange,0.000487959,,0,0,29657635,ok,8192,0,1024,,0.2619788750016596,0
6.4625e-05,,,8,geometric,1,9321e65197547cad29bbb7aa48de98b1dbcfa9f09f6788f8c83df44f622475a3,,,,simple-dp,11,,coinchange,,,,,30657638,ok,8192,1,1024,,0.004072416995768435,
0.318954,0,,8,geometric,1,9321e65197547cad29bbb7aa48de98b1dbcfa9f09f6788f8c83df44f622475a3,,0.318402,35,randomized-k,11,0,coinchange,0.000499375,,231,0,30657638,ok,8192,1,1024,,0.3258140000034473,0
0.222734,0,,8,geometric,1,9321e65197547cad29bbb7aa48de98b1dbcfa9f09f6788f8c83df44f622475a3,,0.222156,0,simplified,11,0,coinchange,0.000503333,,0,0,30657638,ok,8192,1,1024,,0.22976775000279304,0
7.3916e-05,,,8,geometric,1,db83836bed244f566df7f0b729894a9415b15938a0959d4f7b0864e38b263677,,,,simple-dp,11,,knapsack,,,,,29657636,ok,8192,0,1024,,0.004138083000725601,
0.146625,,,8,geometric,1,db83836bed244f566df7f0b729894a9415b15938a0959d4f7b0864e38b263677,,0.145227,,paper-kernel,11,,knapsack,0.00133108,,,,29657636,ok,8192,0,1024,,0.15380133400321938,
7.2375e-05,,,8,geometric,1,0475a3edb97e58fb03cb2fdc4cf820910597fd239440a254e6aa9d7282c56048,,,,simple-dp,11,,knapsack,,,,,30657639,ok,8192,1,1024,,0.004412125003000256,
0.162829,,,8,geometric,1,0475a3edb97e58fb03cb2fdc4cf820910597fd239440a254e6aa9d7282c56048,,0.160673,,paper-kernel,11,,knapsack,0.00207883,,,,30657639,ok,8192,1,1024,,0.17364020800596336,
0.000948084,,,8,gcd-four,4,de1d90ca2e0c7dc717dbc1653d221681efa522292433a57cb8cdb1434b1e36d0,,,,simple-dp,256,,coinchange,,,,,29657736,ok,8192,0,1024,,0.008545832999516279,
0.230573,0,,8,gcd-four,4,de1d90ca2e0c7dc717dbc1653d221681efa522292433a57cb8cdb1434b1e36d0,,0.230487,31,randomized-k,256,0,coinchange,4.7584e-05,,231,0,29657736,ok,8192,0,1024,,0.23738616699847626,0
0.867412,0,,8,gcd-four,4,de1d90ca2e0c7dc717dbc1653d221681efa522292433a57cb8cdb1434b1e36d0,,0.86732,0,simplified,256,0,coinchange,4.9458e-05,,0,0,29657736,ok,8192,0,1024,,0.8724220000003697,0
0.000874959,,,8,gcd-four,4,891dc8e940fd0c2ca8465e109b05f299ad81aa70752bd0574a35257778f89435,,,,simple-dp,256,,coinchange,,,,,30657739,ok,8192,1,1024,,0.005165167000086512,
0.232237,0,,8,gcd-four,4,891dc8e940fd0c2ca8465e109b05f299ad81aa70752bd0574a35257778f89435,,0.232107,31,randomized-k,256,0,coinchange,8.8041e-05,,231,0,30657739,ok,8192,1,1024,,0.23717366700293496,0
0.799291,0,,8,gcd-four,4,891dc8e940fd0c2ca8465e109b05f299ad81aa70752bd0574a35257778f89435,,0.799133,0,simplified,256,0,coinchange,9.5083e-05,,0,0,30657739,ok,8192,1,1024,,0.8043067920007161,0
0.000898708,,,8,gcd-four,4,ed35ae7823fc1487dc134f025cc36d80627a82b903ea5aa3246faf6c3b70b4b5,,,,simple-dp,256,,knapsack,,,,,29657737,ok,8192,0,1024,,0.005466499998874497,
0.0521386,,,8,gcd-four,4,ed35ae7823fc1487dc134f025cc36d80627a82b903ea5aa3246faf6c3b70b4b5,,0.0514559,,paper-kernel,256,,knapsack,0.00025575,,,,29657737,ok,8192,0,1024,,0.057333207994815893,
0.000916833,,,8,gcd-four,4,90aed36c67afbd12ea7f6a29a89b481f8be6aa49659eba9ee7757c7625980da5,,,,simple-dp,256,,knapsack,,,,,30657740,ok,8192,1,1024,,0.005715332998079248,
0.057121,,,8,gcd-four,4,90aed36c67afbd12ea7f6a29a89b481f8be6aa49659eba9ee7757c7625980da5,,0.0564336,,paper-kernel,256,,knapsack,0.000252875,,,,30657740,ok,8192,1,1024,,0.06242908399872249,
0.00122038,,,8,random-no-one,1,62adbb82c7ebb021be47804c8b07b8bdbbb876c6ca83196cd7e16eed5d24cf0e,,,,simple-dp,256,,coinchange,,,,,29657837,ok,8192,0,1024,,0.005746291994000785,
0.55705,0,,8,random-no-one,1,62adbb82c7ebb021be47804c8b07b8bdbbb876c6ca83196cd7e16eed5d24cf0e,,0.556634,35,randomized-k,256,0,coinchange,0.000373625,,231,0,29657837,ok,8192,0,1024,,0.5649331250024261,0
0.795866,0,,8,random-no-one,1,62adbb82c7ebb021be47804c8b07b8bdbbb876c6ca83196cd7e16eed5d24cf0e,,0.795393,0,simplified,256,0,coinchange,0.000428,,0,0,29657837,ok,8192,0,1024,,0.8029751250069239,0
0.00123704,,,8,random-no-one,1,db47ec137153c8489bccaa251d8e80f2a460fbef35c9df8e86f99ce627edc7f9,,,,simple-dp,256,,coinchange,,,,,30657840,ok,8192,1,1024,,0.005837917000462767,
0.579024,0,,8,random-no-one,1,db47ec137153c8489bccaa251d8e80f2a460fbef35c9df8e86f99ce627edc7f9,,0.578646,35,randomized-k,256,0,coinchange,0.000336542,,231,0,30657840,ok,8192,1,1024,,0.5855934159990284,0
0.858182,0,,8,random-no-one,1,db47ec137153c8489bccaa251d8e80f2a460fbef35c9df8e86f99ce627edc7f9,,0.857672,0,simplified,256,0,coinchange,0.000437583,,0,0,30657840,ok,8192,1,1024,,0.8651052499990328,0
0.00102025,,,8,random-no-one,1,1c5a285fc30d893d5eef7af766ef6355fbd041baf0e234ee1fdaa25a5c4dae87,,,,simple-dp,256,,knapsack,,,,,29657838,ok,8192,0,1024,,0.005837374999828171,
0.239275,,,8,random-no-one,1,1c5a285fc30d893d5eef7af766ef6355fbd041baf0e234ee1fdaa25a5c4dae87,,0.236152,,paper-kernel,256,,knapsack,0.00266321,,,,29657838,ok,8192,0,1024,,0.2468365829990944,
0.00107208,,,8,random-no-one,1,ba9685a226eb39f46125bb8b5227203479697bbfec473b2afd66291ddc9d41f1,,,,simple-dp,256,,knapsack,,,,,30657841,ok,8192,1,1024,,0.005866250001417939,
0.249385,,,8,random-no-one,1,ba9685a226eb39f46125bb8b5227203479697bbfec473b2afd66291ddc9d41f1,,0.247269,,paper-kernel,256,,knapsack,0.00166496,,,,30657841,ok,8192,1,1024,,0.2569640419969801,
0.716856,,,4096,dense,1,e324e04bda300fccce31bb1b3f95d74806e07919329fe0eceb7716cbfce72a2b,,,,simple-dp,512,,coinchange,,,,,24959119,ok,2097152,0,512,,0.970165625003574,
0.538208,0,,4096,dense,1,e324e04bda300fccce31bb1b3f95d74806e07919329fe0eceb7716cbfce72a2b,,0.189916,33,randomized-k,512,0,coinchange,0.340272,,190,0,24959119,ok,2097152,0,512,,1.0466334160009865,0
0.845631,,,4096,dense,1,712aadb0646c2bd7709764ab1e13db5092a891ab608124bec5242f685797caa7,,,,simple-dp,512,,coinchange,,,,,25959122,ok,2097152,1,512,,1.1034654590039281,
0.465363,0,,4096,dense,1,712aadb0646c2bd7709764ab1e13db5092a891ab608124bec5242f685797caa7,,0.175131,33,randomized-k,512,0,coinchange,0.286798,,190,0,25959122,ok,2097152,1,512,,0.9474606250005309,0
0.668201,,,4096,dense,1,c809de332d37586277bfe5fd2fd4c75aad4affa2199bef699635edc3417df535,,,,simple-dp,512,,knapsack,,,,,24959120,ok,2097152,0,512,,0.9485355420038104,
0.160883,,,4096,dense,1,c809de332d37586277bfe5fd2fd4c75aad4affa2199bef699635edc3417df535,,0.101174,,paper-kernel,512,,knapsack,0.0545467,,,,24959120,ok,2097152,0,512,,0.5019591250020312,
0.73612,,,4096,dense,1,4d9d3adfad3baa706e8d800b412ef4249de5b2b0942426c10002bdc1a1d6a91c,,,,simple-dp,512,,knapsack,,,,,25959123,ok,2097152,1,512,,1.0217985409981338,
0.157566,,,4096,dense,1,4d9d3adfad3baa706e8d800b412ef4249de5b2b0942426c10002bdc1a1d6a91c,,0.0996525,,paper-kernel,512,,knapsack,0.0540395,,,,25959123,ok,2097152,1,512,,0.49684775000059744,
0.186569,,,4096,random-quarter,1,07357663adbf1a470e1759f69c943527045e6e7b706d70ba0c579df589ccdf19,,,,simple-dp,128,,coinchange,,,,,24959220,ok,2097152,0,512,,0.44333533300232375,
0.531584,0,,4096,random-quarter,1,07357663adbf1a470e1759f69c943527045e6e7b706d70ba0c579df589ccdf19,,0.188578,33,randomized-k,128,0,coinchange,0.338961,,190,0,24959220,ok,2097152,0,512,,1.1327937919995748,0
0.212786,,,4096,random-quarter,1,e860b33601d325e435095f09770ca726ff44fe9a8b6bcfe1e310bff22697f524,,,,simple-dp,128,,coinchange,,,,,25959223,ok,2097152,1,512,,0.4676243339999928,
0.4394,0,,4096,random-quarter,1,e860b33601d325e435095f09770ca726ff44fe9a8b6bcfe1e310bff22697f524,,0.180839,33,randomized-k,128,0,coinchange,0.255479,,190,0,25959223,ok,2097152,1,512,,0.9200761249958305,0
0.181708,,,4096,random-quarter,1,677577ddd7bc22b8797bdcba8e149ca60a1b4f3523fecbeb4725052b8f80c0de,,,,simple-dp,128,,knapsack,,,,,24959221,ok,2097152,0,512,,0.4677630410005804,
0.130625,,,4096,random-quarter,1,677577ddd7bc22b8797bdcba8e149ca60a1b4f3523fecbeb4725052b8f80c0de,,0.0709701,,paper-kernel,128,,knapsack,0.0552785,,,,24959221,ok,2097152,0,512,,0.4760108330010553,
0.192138,,,4096,random-quarter,1,7d88ab0ebc398789a02dab60ffdbd9dee34c62d1647b32f00de50c2ad39b4bce,,,,simple-dp,128,,knapsack,,,,,25959224,ok,2097152,1,512,,0.4754557499982184,
0.131568,,,4096,random-quarter,1,7d88ab0ebc398789a02dab60ffdbd9dee34c62d1647b32f00de50c2ad39b4bce,,0.0703201,,paper-kernel,128,,knapsack,0.0562736,,,,25959224,ok,2097152,1,512,,0.5460789159988053,
0.0510643,,,4096,sparse-32,1,9db0bb83b40bc3d1f97941823500df42e25dfb6f5563df7fd4e9e5e4b838fb81,,,,simple-dp,32,,coinchange,,,,,24959321,ok,2097152,0,512,,0.31614824999996927,
0.439661,0,,4096,sparse-32,1,9db0bb83b40bc3d1f97941823500df42e25dfb6f5563df7fd4e9e5e4b838fb81,,0.127005,33,randomized-k,32,0,coinchange,0.307522,,190,0,24959321,ok,2097152,0,512,,0.964891916999477,0
0.0487942,,,4096,sparse-32,1,2f42836e7ef8fadd909a56bfea26b6478421f3423378199d12927a584ef91ba0,,,,simple-dp,32,,coinchange,,,,,25959324,ok,2097152,1,512,,0.3069564160032314,
0.42461,0,,4096,sparse-32,1,2f42836e7ef8fadd909a56bfea26b6478421f3423378199d12927a584ef91ba0,,0.130717,33,randomized-k,32,0,coinchange,0.290771,,190,0,25959324,ok,2097152,1,512,,1.006661167004495,0
0.041552,,,4096,sparse-32,1,82034528f8623249e234ccbd10ab8069155890fe97ae202479e95638d8439e16,,,,simple-dp,32,,knapsack,,,,,24959322,ok,2097152,0,512,,0.32884154099883744,
0.136876,,,4096,sparse-32,1,82034528f8623249e234ccbd10ab8069155890fe97ae202479e95638d8439e16,,0.0778018,,paper-kernel,32,,knapsack,0.0539142,,,,24959322,ok,2097152,0,512,,0.48039650000282563,
0.0415742,,,4096,sparse-32,1,e292024fc035fb3a0434b72f7875684c5c898b58a3e2402b17c1f69e1cd8eb7f,,,,simple-dp,32,,knapsack,,,,,25959325,ok,2097152,1,512,,0.3221497080012341,
0.134687,,,4096,sparse-32,1,e292024fc035fb3a0434b72f7875684c5c898b58a3e2402b17c1f69e1cd8eb7f,,0.0751698,,paper-kernel,32,,knapsack,0.0540248,,,,25959325,ok,2097152,1,512,,0.4714665830033482,
0.357314,,,4096,upper-half,1,05957670fb2aa34efe57abb1fb50dd8c586a75884127005e3c9b814fec7d5b1b,,,,simple-dp,256,,coinchange,,,,,24959422,ok,2097152,0,512,,0.6344304579979507,
0.581106,0,,4096,upper-half,1,05957670fb2aa34efe57abb1fb50dd8c586a75884127005e3c9b814fec7d5b1b,,0.181359,33,randomized-k,256,0,coinchange,0.394771,,190,0,24959422,ok,2097152,0,512,,1.1105857079965062,0
0.413531,,,4096,upper-half,1,f5f653c3744331026fa372e46b3ca90b7558228f54f5734173e2cdb1bf2a66b3,,,,simple-dp,256,,coinchange,,,,,25959425,ok,2097152,1,512,,0.6802992499942775,
0.399467,0,,4096,upper-half,1,f5f653c3744331026fa372e46b3ca90b7558228f54f5734173e2cdb1bf2a66b3,,0.178082,33,randomized-k,256,0,coinchange,0.216808,,190,0,25959425,ok,2097152,1,512,,0.8631867500007502,0
0.576714,,,4096,upper-half,1,32a27358f56e8b28d0603678f3c82452e39d829d07bf51978b6ff2434fe16478,,,,simple-dp,256,,knapsack,,,,,24959423,ok,2097152,0,512,,0.9467245420019026,
0.506648,,,4096,upper-half,1,32a27358f56e8b28d0603678f3c82452e39d829d07bf51978b6ff2434fe16478,,0.0748202,,paper-kernel,256,,knapsack,0.426761,,,,24959423,ok,2097152,0,512,,1.045092416999978,
0.330213,,,4096,upper-half,1,48f3d44b9a758560ca197b0fb78e8229dd62ef37b32210f5d970435dbec0be63,,,,simple-dp,256,,knapsack,,,,,25959426,ok,2097152,1,512,,0.6063090419993387,
0.367078,,,4096,upper-half,1,48f3d44b9a758560ca197b0fb78e8229dd62ef37b32210f5d970435dbec0be63,,0.0711417,,paper-kernel,256,,knapsack,0.29229,,,,25959426,ok,2097152,1,512,,0.8401524579967372,
0.0199963,,,4096,geometric,1,a989f846c36cf28ed649cc6b41e28a5e4013567848491c113ebc22e86e799ddc,,,,simple-dp,10,,coinchange,,,,,24959523,ok,2097152,0,512,,0.2744876659999136,
0.472558,0,,4096,geometric,1,a989f846c36cf28ed649cc6b41e28a5e4013567848491c113ebc22e86e799ddc,,0.110599,31,randomized-k,10,0,coinchange,0.357907,,190,0,24959523,ok,2097152,0,512,,1.107008750004752,0
0.0179622,,,4096,geometric,1,0bac6ee775ae4f6c91180df75a042508c18e42a908314e69f74c17c7c8b05085,,,,simple-dp,10,,coinchange,,,,,25959526,ok,2097152,1,512,,0.2764057500025956,
0.551612,0,,4096,geometric,1,0bac6ee775ae4f6c91180df75a042508c18e42a908314e69f74c17c7c8b05085,,0.111523,31,randomized-k,10,0,coinchange,0.43509,,190,0,25959526,ok,2097152,1,512,,1.196520874997077,0
0.0201529,,,4096,geometric,1,fb6af0a98ea6332f947e38d60eb07a7dafaccb98d3d298ec66e244024249c4a0,,,,simple-dp,10,,knapsack,,,,,24959524,ok,2097152,0,512,,0.2976002920040628,
0.141849,,,4096,geometric,1,fb6af0a98ea6332f947e38d60eb07a7dafaccb98d3d298ec66e244024249c4a0,,0.0543862,,paper-kernel,10,,knapsack,0.082761,,,,24959524,ok,2097152,0,512,,0.5012621249989024,
0.0183937,,,4096,geometric,1,a67851865c2a4b8dde3f542e000b43e1e9ecb7424561c1145d6a90deb5ac9264,,,,simple-dp,10,,knapsack,,,,,25959527,ok,2097152,1,512,,0.3032841659951373,
0.118036,,,4096,geometric,1,a67851865c2a4b8dde3f542e000b43e1e9ecb7424561c1145d6a90deb5ac9264,,0.057614,,paper-kernel,10,,knapsack,0.0552645,,,,25959527,ok,2097152,1,512,,0.45671199999924283,
0.123094,,,4096,gcd-four,4,fe4b9b06b4ea9992687593ec4237001d7c0abc0c07e40c97e1f3c86a6aa458f4,,,,simple-dp,128,,coinchange,,,,,24959624,ok,2097152,0,512,,0.36879337500431575,
0.161444,0,,4096,gcd-four,4,fe4b9b06b4ea9992687593ec4237001d7c0abc0c07e40c97e1f3c86a6aa458f4,,0.0872371,29,randomized-k,128,0,coinchange,0.0697228,,190,0,24959624,ok,2097152,0,512,,0.4810311249966617,0
0.123398,,,4096,gcd-four,4,eb8be4d7794edfafeb81f9824574b98455f3a88595ff4a004761683ad748907e,,,,simple-dp,128,,coinchange,,,,,25959627,ok,2097152,1,512,,0.3685835409996798,
0.142016,0,,4096,gcd-four,4,eb8be4d7794edfafeb81f9824574b98455f3a88595ff4a004761683ad748907e,,0.0895913,29,randomized-k,128,0,coinchange,0.0467828,,190,0,25959627,ok,2097152,1,512,,0.4445851250056876,0
0.125131,,,4096,gcd-four,4,a54372e4f7238e3f1efc8511d44b7585356e43f52d62a2ec817c3bbce098cf3a,,,,simple-dp,128,,knapsack,,,,,24959625,ok,2097152,0,512,,0.43007120900438167,
0.0665988,,,4096,gcd-four,4,a54372e4f7238e3f1efc8511d44b7585356e43f52d62a2ec817c3bbce098cf3a,,0.0224968,,paper-kernel,128,,knapsack,0.0406587,,,,24959625,ok,2097152,0,512,,0.39587445899815066,
0.122737,,,4096,gcd-four,4,9172f2af22dc1f8c8e0d9a8a68bec7741a15791afdd985a88e86b0c57dba34e3,,,,simple-dp,128,,knapsack,,,,,25959628,ok,2097152,1,512,,0.4232063330055098,
0.050361,,,4096,gcd-four,4,9172f2af22dc1f8c8e0d9a8a68bec7741a15791afdd985a88e86b0c57dba34e3,,0.0230615,,paper-kernel,128,,knapsack,0.0240442,,,,25959628,ok,2097152,1,512,,0.3851119579994702,
0.184556,,,4096,random-no-one,1,7e89e4de02a07c81190e322c1499de3c82806fb2a4cbc9ae11a1022ea8907e2a,,,,simple-dp,128,,coinchange,,,,,24959725,ok,2097152,0,512,,0.44083683299686527,
0.527246,0,,4096,random-no-one,1,7e89e4de02a07c81190e322c1499de3c82806fb2a4cbc9ae11a1022ea8907e2a,,0.175899,33,randomized-k,128,0,coinchange,0.343548,,190,0,24959725,ok,2097152,0,512,,1.1692897500033723,0
0.191311,,,4096,random-no-one,1,1c7337116d1937447a105610d6c2c0b0ed98db8d6babe8c7d7a9b6e72eba2c08,,,,simple-dp,128,,coinchange,,,,,25959728,ok,2097152,1,512,,0.44761941600154387,
0.488272,0,,4096,random-no-one,1,1c7337116d1937447a105610d6c2c0b0ed98db8d6babe8c7d7a9b6e72eba2c08,,0.188765,33,randomized-k,128,0,coinchange,0.29568,,190,0,25959728,ok,2097152,1,512,,1.0344579160009744,0
0.165672,,,4096,random-no-one,1,bf81f2f18d6aa9c0af5842956d9c325c07c46cf3e5f71833324fddcbb4d18316,,,,simple-dp,128,,knapsack,,,,,24959726,ok,2097152,0,512,,0.4485443329976988,
0.34664,,,4096,random-no-one,1,bf81f2f18d6aa9c0af5842956d9c325c07c46cf3e5f71833324fddcbb4d18316,,0.0732173,,paper-kernel,128,,knapsack,0.269118,,,,24959726,ok,2097152,0,512,,0.7794355420046486,
0.171509,,,4096,random-no-one,1,66dd45508a417581d7b4b46ee124d1f1bf7c51f21208d9ba2fd1d66a5caf4d44,,,,simple-dp,128,,knapsack,,,,,25959729,ok,2097152,1,512,,0.4613690409969422,
0.319412,,,4096,random-no-one,1,66dd45508a417581d7b4b46ee124d1f1bf7c51f21208d9ba2fd1d66a5caf4d44,,0.0787353,,paper-kernel,128,,knapsack,0.23557,,,,25959729,ok,2097152,1,512,,0.7627656250042492,
