problem,method,u,n,target,trial,status,wall_seconds,algorithm_seconds,kernel_seconds,propagation_seconds
coinchange,simple-dp,32,32,256,0,ok,0.006179790943861008,6.958e-06,,
coinchange,deterministic,32,32,256,0,ok,0.0048162080347537994,0.00120833,0.00117883,9.083e-06
coinchange,randomized-k,32,32,256,0,ok,0.003992290934547782,0.00118383,0.00115454,9.375e-06
coinchange,optimized-peeling,32,32,256,0,ok,0.004186874954029918,0.00123887,0.00120971,9.167e-06
coinchange,paper-random,32,32,256,0,ok,0.05579158314503729,0.0528437,0.0528062,7.75e-06
coinchange,simplified,32,32,256,0,ok,0.006571709178388119,0.001938,0.00190696,1e-05
coinchange,simple-dp,32,32,256,1,ok,0.004275458864867687,7.042e-06,,
coinchange,deterministic,32,32,256,1,ok,0.004879999905824661,0.00147408,0.00138825,2.1542e-05
coinchange,randomized-k,32,32,256,1,ok,0.004904832923784852,0.00124471,0.00120675,1.0875e-05
coinchange,optimized-peeling,32,32,256,1,ok,0.0046913339756429195,0.00125375,0.00121346,1.1209e-05
coinchange,paper-random,32,32,256,1,ok,0.19422870804555714,0.191067,0.191026,9.875e-06
coinchange,simplified,32,32,256,1,ok,0.005924166180193424,0.00183933,0.00180212,1.0417e-05
coinchange,simple-dp,32,32,256,2,ok,0.0031059999018907547,6.625e-06,,
coinchange,deterministic,32,32,256,2,ok,0.004066374851390719,0.00117767,0.00114496,1.0834e-05
coinchange,randomized-k,32,32,256,2,ok,0.004066416993737221,0.00118767,0.00115554,1.0625e-05
coinchange,optimized-peeling,32,32,256,2,ok,0.004061833024024963,0.001195,0.00116196,1.0583e-05
coinchange,paper-random,32,32,256,2,ok,0.03874783287756145,0.0358615,0.035827,1.0833e-05
coinchange,simplified,32,32,256,2,ok,0.0049239168874919415,0.00180629,0.00176962,1.1125e-05
coinchange,simple-dp,64,64,512,0,ok,0.0028759578708559275,2.1667e-05,,
coinchange,deterministic,64,64,512,0,ok,0.006664042128250003,0.00366563,0.00361975,2.0583e-05
coinchange,randomized-k,64,64,512,0,ok,0.0066173339728266,0.00366817,0.00362292,2.0084e-05
coinchange,optimized-peeling,64,64,512,0,ok,0.006773333065211773,0.00375946,0.00369829,2.6625e-05
coinchange,paper-random,64,64,512,0,ok,0.24926862493157387,0.246315,0.246268,1.8292e-05
coinchange,simplified,64,64,512,0,ok,0.009308291831985116,0.005563,0.00551088,1.9833e-05
coinchange,simple-dp,64,64,512,1,ok,0.003285124897956848,2.3708e-05,,
coinchange,deterministic,64,64,512,1,ok,0.0066748750396072865,0.00372254,0.00368575,1.1291e-05
coinchange,randomized-k,64,64,512,1,ok,0.0068452078849077225,0.00383983,0.00380275,1.3292e-05
coinchange,optimized-peeling,64,64,512,1,ok,0.007120999973267317,0.00377458,0.00374129,1.2208e-05
coinchange,paper-random,64,64,512,1,ok,0.21628249995410442,0.213128,0.213061,2.4042e-05
coinchange,simplified,64,64,512,1,ok,0.010769624961540103,0.00600475,0.00596412,1.2917e-05
coinchange,simple-dp,64,64,512,2,ok,0.004253375111147761,2.6959e-05,,
coinchange,deterministic,64,64,512,2,ok,0.007332750130444765,0.00386929,0.00382742,1.4209e-05
coinchange,randomized-k,64,64,512,2,ok,0.006912332959473133,0.00381892,0.00376642,1.775e-05
coinchange,optimized-peeling,64,64,512,2,ok,0.007522708969190717,0.00430117,0.00425275,1.8708e-05
coinchange,paper-random,64,64,512,2,ok,0.12375983409583569,0.120239,0.120184,2.1792e-05
coinchange,simplified,64,64,512,2,ok,0.009800083935260773,0.00569896,0.00566192,1.3875e-05
coinchange,simple-dp,128,128,1024,0,ok,0.0037008749786764383,8.6125e-05,,
coinchange,deterministic,128,128,1024,0,ok,0.021204625023528934,0.017791,0.0177197,4.125e-05
coinchange,randomized-k,128,128,1024,0,ok,0.021349416812881827,0.017995,0.017923,4.1333e-05
coinchange,optimized-peeling,128,128,1024,0,ok,0.02175554190762341,0.0183127,0.0182398,4.5417e-05
coinchange,paper-random,128,128,1024,0,ok,1.5392169998958707,1.53574,1.53566,3.8667e-05
coinchange,simplified,128,128,1024,0,ok,0.043590708170086145,0.0389487,0.0388779,4.1458e-05
coinchange,simple-dp,128,128,1024,1,ok,0.0035659167915582657,8.2875e-05,,
coinchange,deterministic,128,128,1024,1,ok,0.021173124900087714,0.0178697,0.0178183,2.4875e-05
coinchange,randomized-k,128,128,1024,1,ok,0.021212417166680098,0.0178897,0.0178367,2.5042e-05
coinchange,optimized-peeling,128,128,1024,1,ok,0.02169195795431733,0.0182354,0.0181615,3.3791e-05
coinchange,paper-random,128,128,1024,1,ok,0.8110462080221623,0.807372,0.807285,4.4709e-05
coinchange,simplified,128,128,1024,1,ok,0.04387749987654388,0.0392726,0.0392139,2.5625e-05
coinchange,simple-dp,128,128,1024,2,ok,0.0037987499963492155,8.4e-05,,
coinchange,deterministic,128,128,1024,2,ok,0.02151162503287196,0.0180515,0.0179977,2.8042e-05
coinchange,randomized-k,128,128,1024,2,ok,0.021375542040914297,0.0179526,0.0178978,2.8041e-05
coinchange,optimized-peeling,128,128,1024,2,ok,0.021727625047788024,0.0184124,0.0183597,2.7667e-05
coinchange,paper-random,128,128,1024,2,ok,0.3558935420587659,0.352266,0.352208,2.4167e-05
coinchange,simplified,128,128,1024,2,ok,0.04434395907446742,0.0401465,0.040085,2.9083e-05
coinchange,simple-dp,256,256,2048,0,ok,0.004633875098079443,0.000330167,,
coinchange,deterministic,256,256,2048,0,ok,0.07202695799060166,0.0680215,0.0679201,6.8542e-05
coinchange,randomized-k,256,256,2048,0,ok,0.0736030419357121,0.0683504,0.0682502,6.3667e-05
coinchange,optimized-peeling,256,256,2048,0,ok,0.07097741682082415,0.0660384,0.0659408,6.4042e-05
coinchange,paper-random,256,256,2048,0,ok,2.271562375128269,2.26725,2.26714,6.575e-05
coinchange,simplified,256,256,2048,0,ok,0.14029633393511176,0.134085,0.133989,6.5083e-05
coinchange,simple-dp,256,256,2048,1,ok,0.005377999972552061,0.0003375,,
coinchange,deterministic,256,256,2048,1,ok,0.07081699999980628,0.0668764,0.0668061,3.925e-05
coinchange,randomized-k,256,256,2048,1,ok,0.07300420803949237,0.0682435,0.0681635,4.0708e-05
coinchange,optimized-peeling,256,256,2048,1,ok,0.07496337499469519,0.0698423,0.0697715,4.0625e-05
coinchange,paper-random,256,256,2048,1,ok,2.471164083108306,2.45307,2.45294,8.2416e-05
coinchange,simplified,256,256,2048,1,ok,0.13894412480294704,0.134158,0.134092,4.0459e-05
coinchange,simple-dp,256,256,2048,2,ok,0.004443250130861998,0.000321084,,
coinchange,deterministic,256,256,2048,2,ok,0.06921116611920297,0.065308,0.0652117,6.4709e-05
coinchange,randomized-k,256,256,2048,2,ok,0.07013029209338129,0.0654668,0.0653685,6.35e-05
coinchange,optimized-peeling,256,256,2048,2,ok,0.06998591683804989,0.0654523,0.0653548,6.45e-05
coinchange,paper-random,256,256,2048,2,ok,7.034238749882206,7.02992,7.02981,6.6666e-05
coinchange,simplified,256,256,2048,2,ok,0.14492254215292633,0.138881,0.138765,7.2083e-05
coinchange,simple-dp,512,512,4096,0,ok,0.00695979199372232,0.00131871,,
coinchange,deterministic,512,512,4096,0,ok,0.2318479591049254,0.226416,0.226247,0.000133916
coinchange,randomized-k,512,512,4096,0,ok,0.23016220796853304,0.224089,0.223928,0.000127083
coinchange,optimized-peeling,512,512,4096,0,ok,0.23072899994440377,0.22457,0.224402,0.000129125
coinchange,paper-random,512,512,4096,0,ok,10.354192165890709,10.3472,10.3469,0.000273542
coinchange,simplified,512,512,4096,0,ok,0.47970691602677107,0.472754,0.472588,0.000128875
coinchange,simple-dp,512,512,4096,1,ok,0.008277416927739978,0.00135417,,
coinchange,deterministic,512,512,4096,1,ok,0.24823808413930237,0.242812,0.24265,0.0001195
coinchange,randomized-k,512,512,4096,1,ok,0.2393657499924302,0.232792,0.232621,0.000125625
coinchange,optimized-peeling,512,512,4096,1,ok,0.23741770791821182,0.230826,0.230663,0.000119292
coinchange,paper-random,512,512,4096,1,ok,16.060795208904892,16.0532,16.052,0.00101046
coinchange,simplified,512,512,4096,1,ok,0.4819674158934504,0.47483,0.47466,0.00012775
coinchange,simple-dp,512,512,4096,2,ok,0.00828345911577344,0.00138367,,
coinchange,deterministic,512,512,4096,2,ok,0.23430200014263391,0.228843,0.228675,0.000127542
coinchange,randomized-k,512,512,4096,2,ok,0.23757766583003104,0.232027,0.231872,0.000119667
coinchange,optimized-peeling,512,512,4096,2,ok,0.23347666603513062,0.226962,0.226805,0.000119292
coinchange,paper-random,512,512,4096,2,ok,9.840557124931365,9.83427,9.834,0.000201584
coinchange,simplified,512,512,4096,2,ok,0.47891724994406104,0.472677,0.472506,0.000130667
knapsack,simple-dp,32,32,256,0,ok,0.03000779217109084,6.042e-06,,
knapsack,paper-kernel,32,32,256,0,ok,0.005437625106424093,0.00087625,0.000776041,2.7917e-05
knapsack,simple-dp,32,32,256,1,ok,0.0030622908379882574,6.5e-06,,
knapsack,paper-kernel,32,32,256,1,ok,0.0036751660518348217,0.000745,0.000661292,2.5458e-05
knapsack,simple-dp,32,32,256,2,ok,0.002851374913007021,6.25e-06,,
knapsack,paper-kernel,32,32,256,2,ok,0.003527333028614521,0.000659916,0.000572584,2.75e-05
knapsack,simple-dp,64,64,512,0,ok,0.0029409590642899275,2.0542e-05,,
knapsack,paper-kernel,64,64,512,0,ok,0.006546790944412351,0.00288533,0.00269667,6.9375e-05
knapsack,simple-dp,64,64,512,1,ok,0.004460416967049241,2.5459e-05,,
knapsack,paper-kernel,64,64,512,1,ok,0.006597332889214158,0.00280279,0.00240029,0.0002495
knapsack,simple-dp,64,64,512,2,ok,0.00398695794865489,2.1125e-05,,
knapsack,paper-kernel,64,64,512,2,ok,0.005470416974276304,0.0022725,0.00210238,5.8333e-05
knapsack,simple-dp,128,128,1024,0,ok,0.003269125008955598,7.3666e-05,,
knapsack,paper-kernel,128,128,1024,0,ok,0.010359040927141905,0.00703183,0.00670188,0.000124458
knapsack,simple-dp,128,128,1024,1,ok,0.003660833928734064,7.1375e-05,,
knapsack,paper-kernel,128,128,1024,1,ok,0.010273874970152974,0.00704467,0.00672146,0.000127625
knapsack,simple-dp,128,128,1024,2,ok,0.0033855000510811806,7.0917e-05,,
knapsack,paper-kernel,128,128,1024,2,ok,0.010492541827261448,0.00733933,0.007005,0.000139542
knapsack,simple-dp,256,256,2048,0,ok,0.004044374916702509,0.000288208,,
knapsack,paper-kernel,256,256,2048,0,ok,0.03426899993792176,0.025453,0.0247816,0.000262
knapsack,simple-dp,256,256,2048,1,ok,0.004873499972745776,0.000279917,,
knapsack,paper-kernel,256,256,2048,1,ok,0.028708582976832986,0.0248194,0.0241195,0.000306458
knapsack,simple-dp,256,256,2048,2,ok,0.004141249926760793,0.00027075,,
knapsack,paper-kernel,256,256,2048,2,ok,0.027868667151778936,0.02422,0.0235662,0.00027075
knapsack,simple-dp,512,512,4096,0,ok,0.005622625118121505,0.00104721,,
knapsack,paper-kernel,512,512,4096,0,ok,0.1049195418599993,0.100028,0.0983402,0.000753292
knapsack,simple-dp,512,512,4096,1,ok,0.006491916021332145,0.00104883,,
knapsack,paper-kernel,512,512,4096,1,ok,0.10025479085743427,0.0954481,0.0937448,0.000923708
knapsack,simple-dp,512,512,4096,2,ok,0.0065970830619335175,0.0010905,,
knapsack,paper-kernel,512,512,4096,2,ok,0.09677770803682506,0.0915846,0.090099,0.000647791
